sample,refpos,refvar,qvar,qpos,qlength,protein,variant,varclass,annotation,varname
hCoV-19/France/BRE-IPP03808/2021|EPI_ISL_1118892|2021-02-10,241,C,T,241,29903,5'UTR,241,extragenic,NA,5'UTR:241
hCoV-19/France/BRE-IPP03808/2021|EPI_ISL_1118892|2021-02-10,1059,C,T,1059,29903,NSP2,T85I,SNP,Non-Structural protein 2,NSP2:T85I
hCoV-19/France/BRE-IPP03808/2021|EPI_ISL_1118892|2021-02-10,1973,C,T,1973,29903,NSP2,I389I,SNP_silent,Non-Structural protein 2,NSP2:I389I
hCoV-19/France/BRE-IPP03808/2021|EPI_ISL_1118892|2021-02-10,3037,C,T,3037,29903,NSP3,F106F,SNP_silent,"Predicted phosphoesterase, papain-like proteinase",NSP3:F106F
hCoV-19/France/BRE-IPP03808/2021|EPI_ISL_1118892|2021-02-10,4236,A,G,4236,29903,NSP3,N506S,SNP,"Predicted phosphoesterase, papain-like proteinase",NSP3:N506S
hCoV-19/France/BRE-IPP03808/2021|EPI_ISL_1118892|2021-02-10,5178,C,T,5178,29903,NSP3,T820I,SNP,"Predicted phosphoesterase, papain-like proteinase",NSP3:T820I
hCoV-19/France/BRE-IPP03808/2021|EPI_ISL_1118892|2021-02-10,5884,C,T,5884,29903,NSP3,Y1055Y,SNP_silent,"Predicted phosphoesterase, papain-like proteinase",NSP3:Y1055Y
hCoV-19/France/BRE-IPP03808/2021|EPI_ISL_1118892|2021-02-10,7047,C,A,7047,29903,NSP3,S1443Y,SNP,"Predicted phosphoesterase, papain-like proteinase",NSP3:S1443Y
hCoV-19/France/BRE-IPP03808/2021|EPI_ISL_1118892|2021-02-10,9743,T,C,9743,29903,NSP4,Y397H,SNP,Transmembrane protein,NSP4:Y397H
hCoV-19/France/BRE-IPP03808/2021|EPI_ISL_1118892|2021-02-10,10252,C,T,10252,29903,NSP5,F66F,SNP_silent,3C-like proteinase,NSP5:F66F
hCoV-19/France/BRE-IPP03808/2021|EPI_ISL_1118892|2021-02-10,11083,G,T,11083,29903,NSP6,L37F,SNP,Transmembrane protein,NSP6:L37F
hCoV-19/France/BRE-IPP03808/2021|EPI_ISL_1118892|2021-02-10,14408,C,T,14408,29903,NSP12b,P314L,SNP,"RNA-dependent RNA polymerase, post-ribosomal frameshift",NSP12b:P314L
hCoV-19/France/BRE-IPP03808/2021|EPI_ISL_1118892|2021-02-10,15905,A,G,15905,29903,NSP12b,Q813R,SNP,"RNA-dependent RNA polymerase, post-ribosomal frameshift",NSP12b:Q813R
hCoV-19/France/BRE-IPP03808/2021|EPI_ISL_1118892|2021-02-10,18508,C,T,18508,29903,NSP14,L157F,SNP,3'-to-5' exonuclease,NSP14:L157F
hCoV-19/France/BRE-IPP03808/2021|EPI_ISL_1118892|2021-02-10,21077,C,T,21077,29903,NSP16,T140I,SNP,2'-O-ribose methyltransferase,NSP16:T140I
hCoV-19/France/BRE-IPP03808/2021|EPI_ISL_1118892|2021-02-10,21302,C,T,21302,29903,NSP16,P215L,SNP,2'-O-ribose methyltransferase,NSP16:P215L
hCoV-19/France/BRE-IPP03808/2021|EPI_ISL_1118892|2021-02-10,21304,CG,AA,21304,29903,NSP16,R216N,SNP,2'-O-ribose methyltransferase,NSP16:R216N
hCoV-19/France/BRE-IPP03808/2021|EPI_ISL_1118892|2021-02-10,21488,A,G,21488,29903,NSP16,K277R,SNP,2'-O-ribose methyltransferase,NSP16:K277R
hCoV-19/France/BRE-IPP03808/2021|EPI_ISL_1118892|2021-02-10,21691,C,T,21691,29903,S,F43F,SNP_silent,Spike,S:F43F
hCoV-19/France/BRE-IPP03808/2021|EPI_ISL_1118892|2021-02-10,21758,C,G,21758,29903,S,H66D,SNP,Spike,S:H66D
hCoV-19/France/BRE-IPP03808/2021|EPI_ISL_1118892|2021-02-10,21987,G,T,21987,29903,S,G142V,SNP,Spike,S:G142V
hCoV-19/France/BRE-IPP03808/2021|EPI_ISL_1118892|2021-02-10,22206,A,G,22206,29903,S,D215G,SNP,Spike,S:D215G
hCoV-19/France/BRE-IPP03808/2021|EPI_ISL_1118892|2021-02-10,23010,T,C,23010,29903,S,V483A,SNP,Spike,S:V483A
hCoV-19/France/BRE-IPP03808/2021|EPI_ISL_1118892|2021-02-10,23403,A,G,23403,29903,S,D614G,SNP,Spike,S:D614G
hCoV-19/France/BRE-IPP03808/2021|EPI_ISL_1118892|2021-02-10,23525,C,T,23525,29903,S,H655Y,SNP,Spike,S:H655Y
hCoV-19/France/BRE-IPP03808/2021|EPI_ISL_1118892|2021-02-10,23567,G,A,23567,29903,S,G669S,SNP,Spike,S:G669S
hCoV-19/France/BRE-IPP03808/2021|EPI_ISL_1118892|2021-02-10,24408,A,G,24408,29903,S,Q949R,SNP,Spike,S:Q949R
hCoV-19/France/BRE-IPP03808/2021|EPI_ISL_1118892|2021-02-10,25121,A,G,25121,29903,S,N1187D,SNP,Spike,S:N1187D
hCoV-19/France/BRE-IPP03808/2021|EPI_ISL_1118892|2021-02-10,25563,G,T,25563,29903,ORF3a,Q57H,SNP,ORF3a protein,ORF3a:Q57H
hCoV-19/France/BRE-IPP03808/2021|EPI_ISL_1118892|2021-02-10,26304,T,G,26304,29903,E,F20L,SNP,Envelope,E:F20L
hCoV-19/France/BRE-IPP03808/2021|EPI_ISL_1118892|2021-02-10,26333,C,T,26333,29903,E,T30I,SNP,Envelope,E:T30I
hCoV-19/France/BRE-IPP03808/2021|EPI_ISL_1118892|2021-02-10,26895,C,T,26895,29903,M,H125Y,SNP,Membrane,M:H125Y
hCoV-19/France/BRE-IPP03808/2021|EPI_ISL_1118892|2021-02-10,27128,C,T,27128,29903,M,G202G,SNP_silent,Membrane,M:G202G
hCoV-19/France/BRE-IPP03808/2021|EPI_ISL_1118892|2021-02-10,27757,T,A,27757,29903,ORF7a,*122R,SNP,ORF7a protein,ORF7a:*122R
hCoV-19/France/BRE-IPP03808/2021|EPI_ISL_1118892|2021-02-10,28297,T,C,28297,29903,N,N8N,SNP_silent,Nucleocapsid protein,N:N8N
hCoV-19/France/BRE-IPP03808/2021|EPI_ISL_1118892|2021-02-10,29095,C,T,29095,29903,N,F274F,SNP_silent,Nucleocapsid protein,N:F274F
hCoV-19/France/BRE-IPP03808/2021|EPI_ISL_1118892|2021-02-10,29247,C,T,29247,29903,N,T325I,SNP,Nucleocapsid protein,N:T325I
hCoV-19/France/BRE-IPP03808/2021|EPI_ISL_1118892|2021-02-10,29580,C,T,29580,29903,ORF10,A8V,SNP,ORF10 protein,ORF10:A8V
hCoV-19/France/BRE-IPP03809/2021|EPI_ISL_1118893|2021-02-10,241,C,T,241,29903,5'UTR,241,extragenic,NA,5'UTR:241
hCoV-19/France/BRE-IPP03809/2021|EPI_ISL_1118893|2021-02-10,1059,C,T,1059,29903,NSP2,T85I,SNP,Non-Structural protein 2,NSP2:T85I
hCoV-19/France/BRE-IPP03809/2021|EPI_ISL_1118893|2021-02-10,1973,C,T,1973,29903,NSP2,I389I,SNP_silent,Non-Structural protein 2,NSP2:I389I
hCoV-19/France/BRE-IPP03809/2021|EPI_ISL_1118893|2021-02-10,3037,C,T,3037,29903,NSP3,F106F,SNP_silent,"Predicted phosphoesterase, papain-like proteinase",NSP3:F106F
hCoV-19/France/BRE-IPP03809/2021|EPI_ISL_1118893|2021-02-10,4236,A,G,4236,29903,NSP3,N506S,SNP,"Predicted phosphoesterase, papain-like proteinase",NSP3:N506S
hCoV-19/France/BRE-IPP03809/2021|EPI_ISL_1118893|2021-02-10,5178,C,T,5178,29903,NSP3,T820I,SNP,"Predicted phosphoesterase, papain-like proteinase",NSP3:T820I
hCoV-19/France/BRE-IPP03809/2021|EPI_ISL_1118893|2021-02-10,5884,C,T,5884,29903,NSP3,Y1055Y,SNP_silent,"Predicted phosphoesterase, papain-like proteinase",NSP3:Y1055Y
hCoV-19/France/BRE-IPP03809/2021|EPI_ISL_1118893|2021-02-10,7047,C,A,7047,29903,NSP3,S1443Y,SNP,"Predicted phosphoesterase, papain-like proteinase",NSP3:S1443Y
hCoV-19/France/BRE-IPP03809/2021|EPI_ISL_1118893|2021-02-10,9743,T,C,9743,29903,NSP4,Y397H,SNP,Transmembrane protein,NSP4:Y397H
hCoV-19/France/BRE-IPP03809/2021|EPI_ISL_1118893|2021-02-10,10252,C,T,10252,29903,NSP5,F66F,SNP_silent,3C-like proteinase,NSP5:F66F
hCoV-19/France/BRE-IPP03809/2021|EPI_ISL_1118893|2021-02-10,11083,G,T,11083,29903,NSP6,L37F,SNP,Transmembrane protein,NSP6:L37F
hCoV-19/France/BRE-IPP03809/2021|EPI_ISL_1118893|2021-02-10,14408,C,T,14408,29903,NSP12b,P314L,SNP,"RNA-dependent RNA polymerase, post-ribosomal frameshift",NSP12b:P314L
hCoV-19/France/BRE-IPP03809/2021|EPI_ISL_1118893|2021-02-10,15905,A,G,15905,29903,NSP12b,Q813R,SNP,"RNA-dependent RNA polymerase, post-ribosomal frameshift",NSP12b:Q813R
hCoV-19/France/BRE-IPP03809/2021|EPI_ISL_1118893|2021-02-10,18508,C,T,18508,29903,NSP14,L157F,SNP,3'-to-5' exonuclease,NSP14:L157F
hCoV-19/France/BRE-IPP03809/2021|EPI_ISL_1118893|2021-02-10,21077,C,T,21077,29903,NSP16,T140I,SNP,2'-O-ribose methyltransferase,NSP16:T140I
hCoV-19/France/BRE-IPP03809/2021|EPI_ISL_1118893|2021-02-10,21488,A,G,21488,29903,NSP16,K277R,SNP,2'-O-ribose methyltransferase,NSP16:K277R
hCoV-19/France/BRE-IPP03809/2021|EPI_ISL_1118893|2021-02-10,21691,C,T,21691,29903,S,F43F,SNP_silent,Spike,S:F43F
hCoV-19/France/BRE-IPP03809/2021|EPI_ISL_1118893|2021-02-10,21758,C,G,21758,29903,S,H66D,SNP,Spike,S:H66D
hCoV-19/France/BRE-IPP03809/2021|EPI_ISL_1118893|2021-02-10,21987,G,T,21987,29903,S,G142V,SNP,Spike,S:G142V
hCoV-19/France/BRE-IPP03809/2021|EPI_ISL_1118893|2021-02-10,23010,T,C,23010,29903,S,V483A,SNP,Spike,S:V483A
hCoV-19/France/BRE-IPP03809/2021|EPI_ISL_1118893|2021-02-10,23403,A,G,23403,29903,S,D614G,SNP,Spike,S:D614G
hCoV-19/France/BRE-IPP03809/2021|EPI_ISL_1118893|2021-02-10,23525,C,T,23525,29903,S,H655Y,SNP,Spike,S:H655Y
hCoV-19/France/BRE-IPP03809/2021|EPI_ISL_1118893|2021-02-10,23567,G,A,23567,29903,S,G669S,SNP,Spike,S:G669S
hCoV-19/France/BRE-IPP03809/2021|EPI_ISL_1118893|2021-02-10,24408,A,G,24408,29903,S,Q949R,SNP,Spike,S:Q949R
hCoV-19/France/BRE-IPP03809/2021|EPI_ISL_1118893|2021-02-10,25121,A,G,25121,29903,S,N1187D,SNP,Spike,S:N1187D
hCoV-19/France/BRE-IPP03809/2021|EPI_ISL_1118893|2021-02-10,25563,G,T,25563,29903,ORF3a,Q57H,SNP,ORF3a protein,ORF3a:Q57H
hCoV-19/France/BRE-IPP03809/2021|EPI_ISL_1118893|2021-02-10,26304,T,G,26304,29903,E,F20L,SNP,Envelope,E:F20L
hCoV-19/France/BRE-IPP03809/2021|EPI_ISL_1118893|2021-02-10,26333,C,T,26333,29903,E,T30I,SNP,Envelope,E:T30I
hCoV-19/France/BRE-IPP03809/2021|EPI_ISL_1118893|2021-02-10,26895,C,T,26895,29903,M,H125Y,SNP,Membrane,M:H125Y
hCoV-19/France/BRE-IPP03809/2021|EPI_ISL_1118893|2021-02-10,27128,C,T,27128,29903,M,G202G,SNP_silent,Membrane,M:G202G
hCoV-19/France/BRE-IPP03809/2021|EPI_ISL_1118893|2021-02-10,27757,T,A,27757,29903,ORF7a,*122R,SNP,ORF7a protein,ORF7a:*122R
hCoV-19/France/BRE-IPP03809/2021|EPI_ISL_1118893|2021-02-10,28297,T,C,28297,29903,N,N8N,SNP_silent,Nucleocapsid protein,N:N8N
hCoV-19/France/BRE-IPP03809/2021|EPI_ISL_1118893|2021-02-10,29095,C,T,29095,29903,N,F274F,SNP_silent,Nucleocapsid protein,N:F274F
hCoV-19/France/BRE-IPP03809/2021|EPI_ISL_1118893|2021-02-10,29247,C,T,29247,29903,N,T325I,SNP,Nucleocapsid protein,N:T325I
hCoV-19/France/BRE-IPP03809/2021|EPI_ISL_1118893|2021-02-10,29580,C,T,29580,29903,ORF10,A8V,SNP,ORF10 protein,ORF10:A8V
hCoV-19/France/BRE-IPP03921/2021|EPI_ISL_1111064|2021-02-15,241,C,T,241,29903,5'UTR,241,extragenic,NA,5'UTR:241
hCoV-19/France/BRE-IPP03921/2021|EPI_ISL_1111064|2021-02-15,1059,C,T,1059,29903,NSP2,T85I,SNP,Non-Structural protein 2,NSP2:T85I
hCoV-19/France/BRE-IPP03921/2021|EPI_ISL_1111064|2021-02-15,1973,C,T,1973,29903,NSP2,I389I,SNP_silent,Non-Structural protein 2,NSP2:I389I
hCoV-19/France/BRE-IPP03921/2021|EPI_ISL_1111064|2021-02-15,3037,C,T,3037,29903,NSP3,F106F,SNP_silent,"Predicted phosphoesterase, papain-like proteinase",NSP3:F106F
hCoV-19/France/BRE-IPP03921/2021|EPI_ISL_1111064|2021-02-15,4236,A,G,4236,29903,NSP3,N506S,SNP,"Predicted phosphoesterase, papain-like proteinase",NSP3:N506S
hCoV-19/France/BRE-IPP03921/2021|EPI_ISL_1111064|2021-02-15,5178,C,T,5178,29903,NSP3,T820I,SNP,"Predicted phosphoesterase, papain-like proteinase",NSP3:T820I
hCoV-19/France/BRE-IPP03921/2021|EPI_ISL_1111064|2021-02-15,5884,C,T,5884,29903,NSP3,Y1055Y,SNP_silent,"Predicted phosphoesterase, papain-like proteinase",NSP3:Y1055Y
hCoV-19/France/BRE-IPP03921/2021|EPI_ISL_1111064|2021-02-15,7047,C,A,7047,29903,NSP3,S1443Y,SNP,"Predicted phosphoesterase, papain-like proteinase",NSP3:S1443Y
hCoV-19/France/BRE-IPP03921/2021|EPI_ISL_1111064|2021-02-15,9743,T,C,9743,29903,NSP4,Y397H,SNP,Transmembrane protein,NSP4:Y397H
hCoV-19/France/BRE-IPP03921/2021|EPI_ISL_1111064|2021-02-15,10252,C,T,10252,29903,NSP5,F66F,SNP_silent,3C-like proteinase,NSP5:F66F
hCoV-19/France/BRE-IPP03921/2021|EPI_ISL_1111064|2021-02-15,10833,C,T,10833,29903,NSP5,A260V,SNP,3C-like proteinase,NSP5:A260V
hCoV-19/France/BRE-IPP03921/2021|EPI_ISL_1111064|2021-02-15,11083,G,T,11083,29903,NSP6,L37F,SNP,Transmembrane protein,NSP6:L37F
hCoV-19/France/BRE-IPP03921/2021|EPI_ISL_1111064|2021-02-15,14408,C,T,14408,29903,NSP12b,P314L,SNP,"RNA-dependent RNA polymerase, post-ribosomal frameshift",NSP12b:P314L
hCoV-19/France/BRE-IPP03921/2021|EPI_ISL_1111064|2021-02-15,15905,A,G,15905,29903,NSP12b,Q813R,SNP,"RNA-dependent RNA polymerase, post-ribosomal frameshift",NSP12b:Q813R
hCoV-19/France/BRE-IPP03921/2021|EPI_ISL_1111064|2021-02-15,18508,C,T,18508,29903,NSP14,L157F,SNP,3'-to-5' exonuclease,NSP14:L157F
hCoV-19/France/BRE-IPP03921/2021|EPI_ISL_1111064|2021-02-15,21077,C,T,21077,29903,NSP16,T140I,SNP,2'-O-ribose methyltransferase,NSP16:T140I
hCoV-19/France/BRE-IPP03921/2021|EPI_ISL_1111064|2021-02-15,21488,A,G,21488,29903,NSP16,K277R,SNP,2'-O-ribose methyltransferase,NSP16:K277R
hCoV-19/France/BRE-IPP03921/2021|EPI_ISL_1111064|2021-02-15,21691,C,T,21691,29903,S,F43F,SNP_silent,Spike,S:F43F
hCoV-19/France/BRE-IPP03921/2021|EPI_ISL_1111064|2021-02-15,21758,C,G,21758,29903,S,H66D,SNP,Spike,S:H66D
hCoV-19/France/BRE-IPP03921/2021|EPI_ISL_1111064|2021-02-15,21987,G,T,21987,29903,S,G142V,SNP,Spike,S:G142V
hCoV-19/France/BRE-IPP03921/2021|EPI_ISL_1111064|2021-02-15,22206,A,G,22206,29903,S,D215G,SNP,Spike,S:D215G
hCoV-19/France/BRE-IPP03921/2021|EPI_ISL_1111064|2021-02-15,23010,T,C,23010,29903,S,V483A,SNP,Spike,S:V483A
hCoV-19/France/BRE-IPP03921/2021|EPI_ISL_1111064|2021-02-15,23403,A,G,23403,29903,S,D614G,SNP,Spike,S:D614G
hCoV-19/France/BRE-IPP03921/2021|EPI_ISL_1111064|2021-02-15,23525,C,T,23525,29903,S,H655Y,SNP,Spike,S:H655Y
hCoV-19/France/BRE-IPP03921/2021|EPI_ISL_1111064|2021-02-15,23567,G,A,23567,29903,S,G669S,SNP,Spike,S:G669S
hCoV-19/France/BRE-IPP03921/2021|EPI_ISL_1111064|2021-02-15,24408,A,G,24408,29903,S,Q949R,SNP,Spike,S:Q949R
hCoV-19/France/BRE-IPP03921/2021|EPI_ISL_1111064|2021-02-15,25121,A,G,25121,29903,S,N1187D,SNP,Spike,S:N1187D
hCoV-19/France/BRE-IPP03921/2021|EPI_ISL_1111064|2021-02-15,25563,G,T,25563,29903,ORF3a,Q57H,SNP,ORF3a protein,ORF3a:Q57H
hCoV-19/France/BRE-IPP03921/2021|EPI_ISL_1111064|2021-02-15,26304,T,G,26304,29903,E,F20L,SNP,Envelope,E:F20L
hCoV-19/France/BRE-IPP03921/2021|EPI_ISL_1111064|2021-02-15,26333,C,T,26333,29903,E,T30I,SNP,Envelope,E:T30I
hCoV-19/France/BRE-IPP03921/2021|EPI_ISL_1111064|2021-02-15,26895,C,T,26895,29903,M,H125Y,SNP,Membrane,M:H125Y
hCoV-19/France/BRE-IPP03921/2021|EPI_ISL_1111064|2021-02-15,27128,C,T,27128,29903,M,G202G,SNP_silent,Membrane,M:G202G
hCoV-19/France/BRE-IPP03921/2021|EPI_ISL_1111064|2021-02-15,27757,T,A,27757,29903,ORF7a,*122R,SNP,ORF7a protein,ORF7a:*122R
hCoV-19/France/BRE-IPP03921/2021|EPI_ISL_1111064|2021-02-15,28297,T,C,28297,29903,N,N8N,SNP_silent,Nucleocapsid protein,N:N8N
hCoV-19/France/BRE-IPP03921/2021|EPI_ISL_1111064|2021-02-15,29095,C,T,29095,29903,N,F274F,SNP_silent,Nucleocapsid protein,N:F274F
hCoV-19/France/BRE-IPP03921/2021|EPI_ISL_1111064|2021-02-15,29247,C,T,29247,29903,N,T325I,SNP,Nucleocapsid protein,N:T325I
hCoV-19/France/BRE-IPP03921/2021|EPI_ISL_1111064|2021-02-15,29580,C,T,29580,29903,ORF10,A8V,SNP,ORF10 protein,ORF10:A8V
,,,,,,,,output,,
hCoV-19/France/IDF-HMN-21022230289/2021|EPI_ISL_1110211|2021-01-29,241,C,T,241,29903,5'UTR,241,F80F,NA,5'UTR:241
hCoV-19/France/IDF-HMN-21022230289/2021|EPI_ISL_1110211|2021-01-29,1059,C,T,1059,29903,NSP2,T85I,T85I,Non-Structural protein 2,NSP2:T85I
hCoV-19/France/IDF-HMN-21022230289/2021|EPI_ISL_1110211|2021-01-29,1973,C,T,1973,29903,NSP2,I389I,I389I,Non-Structural protein 2,NSP2:I389I
hCoV-19/France/IDF-HMN-21022230289/2021|EPI_ISL_1110211|2021-01-29,3037,C,T,3037,29903,NSP3,F106F,F106F,"Predicted phosphoesterase, papain-like proteinase",NSP3:F106F
hCoV-19/France/IDF-HMN-21022230289/2021|EPI_ISL_1110211|2021-01-29,4236,A,G,4236,29903,NSP3,N506S,N506S,"Predicted phosphoesterase, papain-like proteinase",NSP3:N506S
hCoV-19/France/IDF-HMN-21022230289/2021|EPI_ISL_1110211|2021-01-29,5178,C,T,5178,29903,NSP3,T820I,T820I,"Predicted phosphoesterase, papain-like proteinase",NSP3:T820I
hCoV-19/France/IDF-HMN-21022230289/2021|EPI_ISL_1110211|2021-01-29,5884,C,T,5884,29903,NSP3,Y1055Y,Y1055Y,"Predicted phosphoesterase, papain-like proteinase",NSP3:Y1055Y
hCoV-19/France/IDF-HMN-21022230289/2021|EPI_ISL_1110211|2021-01-29,7047,C,A,7047,29903,NSP3,S1443Y,S1443Y,"Predicted phosphoesterase, papain-like proteinase",NSP3:S1443Y
hCoV-19/France/IDF-HMN-21022230289/2021|EPI_ISL_1110211|2021-01-29,9743,T,C,9743,29903,NSP4,Y397H,N396N,Transmembrane protein,NSP4:Y397H
hCoV-19/France/IDF-HMN-21022230289/2021|EPI_ISL_1110211|2021-01-29,10252,C,T,10252,29903,NSP5,F66F,F66F,3C-like proteinase,NSP5:F66F
hCoV-19/France/IDF-HMN-21022230289/2021|EPI_ISL_1110211|2021-01-29,14408,C,T,14408,29903,NSP12b,P314L,P314L,"RNA-dependent RNA polymerase, post-ribosomal frameshift",NSP12b:P314L
hCoV-19/France/IDF-HMN-21022230289/2021|EPI_ISL_1110211|2021-01-29,15905,A,G,15905,29903,NSP12b,Q813R,Q813R,"RNA-dependent RNA polymerase, post-ribosomal frameshift",NSP12b:Q813R
hCoV-19/France/IDF-HMN-21022230289/2021|EPI_ISL_1110211|2021-01-29,18508,C,T,18508,29903,NSP14,L157F,G156G,3'-to-5' exonuclease,NSP14:L157F
hCoV-19/France/IDF-HMN-21022230289/2021|EPI_ISL_1110211|2021-01-29,18555,C,T,18555,29903,NSP14,D172D,D172D,3'-to-5' exonuclease,NSP14:D172D
hCoV-19/France/IDF-HMN-21022230289/2021|EPI_ISL_1110211|2021-01-29,21077,C,T,21077,29903,NSP16,T140I,T140I,2'-O-ribose methyltransferase,NSP16:T140I
hCoV-19/France/IDF-HMN-21022230289/2021|EPI_ISL_1110211|2021-01-29,21488,A,G,21488,29903,NSP16,K277R,K277R,2'-O-ribose methyltransferase,NSP16:K277R
hCoV-19/France/IDF-HMN-21022230289/2021|EPI_ISL_1110211|2021-01-29,21691,C,T,21691,29903,S,F43F,F43F,Spike,S:F43F
hCoV-19/France/IDF-HMN-21022230289/2021|EPI_ISL_1110211|2021-01-29,21758,C,G,21758,29903,S,H66D,F65F,Spike,S:H66D
hCoV-19/France/IDF-HMN-21022230289/2021|EPI_ISL_1110211|2021-01-29,21987,G,T,21987,29903,S,G142V,G142V,Spike,S:G142V
hCoV-19/France/IDF-HMN-21022230289/2021|EPI_ISL_1110211|2021-01-29,22206,A,G,22206,29903,S,D215G,D215G,Spike,S:D215G
hCoV-19/France/IDF-HMN-21022230289/2021|EPI_ISL_1110211|2021-01-29,23010,T,C,23010,29903,S,V483A,V483A,Spike,S:V483A
hCoV-19/France/IDF-HMN-21022230289/2021|EPI_ISL_1110211|2021-01-29,23403,A,G,23403,29903,S,D614G,D614G,Spike,S:D614G
hCoV-19/France/IDF-HMN-21022230289/2021|EPI_ISL_1110211|2021-01-29,23525,C,T,23525,29903,S,H655Y,E654E,Spike,S:H655Y
hCoV-19/France/IDF-HMN-21022230289/2021|EPI_ISL_1110211|2021-01-29,23567,G,A,23567,29903,S,G669S,A668A,Spike,S:G669S
hCoV-19/France/IDF-HMN-21022230289/2021|EPI_ISL_1110211|2021-01-29,24408,A,G,24408,29903,S,Q949R,Q949R,Spike,S:Q949R
hCoV-19/France/IDF-HMN-21022230289/2021|EPI_ISL_1110211|2021-01-29,25121,A,G,25121,29903,S,N1187D,L1186L,Spike,S:N1187D
hCoV-19/France/IDF-HMN-21022230289/2021|EPI_ISL_1110211|2021-01-29,25563,G,T,25563,29903,ORF3a,Q57H,Q57H,ORF3a protein,ORF3a:Q57H
hCoV-19/France/IDF-HMN-21022230289/2021|EPI_ISL_1110211|2021-01-29,26304,T,G,26304,29903,E,F20L,F20L,Envelope,E:F20L
hCoV-19/France/IDF-HMN-21022230289/2021|EPI_ISL_1110211|2021-01-29,26333,C,T,26333,29903,E,T30I,T30I,Envelope,E:T30I
hCoV-19/France/IDF-HMN-21022230289/2021|EPI_ISL_1110211|2021-01-29,26895,C,T,26895,29903,M,H125Y,L124L,Membrane,M:H125Y
hCoV-19/France/IDF-HMN-21022230289/2021|EPI_ISL_1110211|2021-01-29,27128,C,T,27128,29903,M,G202G,G202G,Membrane,M:G202G
hCoV-19/France/IDF-HMN-21022230289/2021|EPI_ISL_1110211|2021-01-29,27757,T,A,27757,29903,ORF7a,*122R,E121E,ORF7a protein,ORF7a:*122R
hCoV-19/France/IDF-HMN-21022230289/2021|EPI_ISL_1110211|2021-01-29,28297,T,C,28297,29903,N,N8N,N8N,Nucleocapsid protein,N:N8N
hCoV-19/France/IDF-HMN-21022230289/2021|EPI_ISL_1110211|2021-01-29,29095,C,T,29095,29903,N,F274F,F274F,Nucleocapsid protein,N:F274F
hCoV-19/France/IDF-HMN-21022230289/2021|EPI_ISL_1110211|2021-01-29,29247,C,T,29247,29903,N,T325I,T325I,Nucleocapsid protein,N:T325I
hCoV-19/France/IDF-HMN-21022230289/2021|EPI_ISL_1110211|2021-01-29,29580,C,T,29580,29903,ORF10,A8V,A8V,ORF10 protein,ORF10:A8V
,,,,,,,,F80F,,
,,,,,,,,T85I,,
,,,,,,,,I389I,,
