Sequence ID,Reference Nucleotide,Mutation nucleotide,location,nuc name
hCoV-19/France/IDF-HMN-21022230289/2021|EPI_ISL_1110211|2021-01-29,C,T,241,241 C -> T
hCoV-19/France/IDF-HMN-21022230289/2021|EPI_ISL_1110211|2021-01-29,C,T,1059,1059 C -> T
hCoV-19/France/IDF-HMN-21022230289/2021|EPI_ISL_1110211|2021-01-29,C,T,1973,1973 C -> T
hCoV-19/France/IDF-HMN-21022230289/2021|EPI_ISL_1110211|2021-01-29,C,T,3037,3037 C -> T
hCoV-19/France/IDF-HMN-21022230289/2021|EPI_ISL_1110211|2021-01-29,A,G,4236,4236 A -> G
hCoV-19/France/IDF-HMN-21022230289/2021|EPI_ISL_1110211|2021-01-29,C,T,5178,5178 C -> T
hCoV-19/France/IDF-HMN-21022230289/2021|EPI_ISL_1110211|2021-01-29,C,T,5884,5884 C -> T
hCoV-19/France/IDF-HMN-21022230289/2021|EPI_ISL_1110211|2021-01-29,T,N,5951,5951 T -> N
hCoV-19/France/IDF-HMN-21022230289/2021|EPI_ISL_1110211|2021-01-29,T,N,5952,5952 T -> N
hCoV-19/France/IDF-HMN-21022230289/2021|EPI_ISL_1110211|2021-01-29,G,N,5953,5953 G -> N
hCoV-19/France/IDF-HMN-21022230289/2021|EPI_ISL_1110211|2021-01-29,G,N,5954,5954 G -> N
hCoV-19/France/IDF-HMN-21022230289/2021|EPI_ISL_1110211|2021-01-29,A,N,5955,5955 A -> N
hCoV-19/France/IDF-HMN-21022230289/2021|EPI_ISL_1110211|2021-01-29,C,N,5956,5956 C -> N
hCoV-19/France/IDF-HMN-21022230289/2021|EPI_ISL_1110211|2021-01-29,A,N,5957,5957 A -> N
hCoV-19/France/IDF-HMN-21022230289/2021|EPI_ISL_1110211|2021-01-29,A,N,5958,5958 A -> N
hCoV-19/France/IDF-HMN-21022230289/2021|EPI_ISL_1110211|2021-01-29,T,N,5959,5959 T -> N
hCoV-19/France/IDF-HMN-21022230289/2021|EPI_ISL_1110211|2021-01-29,T,N,5960,5960 T -> N
hCoV-19/France/IDF-HMN-21022230289/2021|EPI_ISL_1110211|2021-01-29,A,N,5961,5961 A -> N
hCoV-19/France/IDF-HMN-21022230289/2021|EPI_ISL_1110211|2021-01-29,T,N,5962,5962 T -> N
hCoV-19/France/IDF-HMN-21022230289/2021|EPI_ISL_1110211|2021-01-29,T,N,5963,5963 T -> N
hCoV-19/France/IDF-HMN-21022230289/2021|EPI_ISL_1110211|2021-01-29,A,N,5964,5964 A -> N
hCoV-19/France/IDF-HMN-21022230289/2021|EPI_ISL_1110211|2021-01-29,T,N,5965,5965 T -> N
hCoV-19/France/IDF-HMN-21022230289/2021|EPI_ISL_1110211|2021-01-29,A,N,5966,5966 A -> N
hCoV-19/France/IDF-HMN-21022230289/2021|EPI_ISL_1110211|2021-01-29,A,N,5967,5967 A -> N
hCoV-19/France/IDF-HMN-21022230289/2021|EPI_ISL_1110211|2021-01-29,G,N,5968,5968 G -> N
hCoV-19/France/IDF-HMN-21022230289/2021|EPI_ISL_1110211|2021-01-29,A,N,5969,5969 A -> N
hCoV-19/France/IDF-HMN-21022230289/2021|EPI_ISL_1110211|2021-01-29,A,N,5970,5970 A -> N
hCoV-19/France/IDF-HMN-21022230289/2021|EPI_ISL_1110211|2021-01-29,A,N,5971,5971 A -> N
hCoV-19/France/IDF-HMN-21022230289/2021|EPI_ISL_1110211|2021-01-29,G,N,5972,5972 G -> N
hCoV-19/France/IDF-HMN-21022230289/2021|EPI_ISL_1110211|2021-01-29,A,N,5973,5973 A -> N
hCoV-19/France/IDF-HMN-21022230289/2021|EPI_ISL_1110211|2021-01-29,C,N,5974,5974 C -> N
hCoV-19/France/IDF-HMN-21022230289/2021|EPI_ISL_1110211|2021-01-29,A,N,5975,5975 A -> N
hCoV-19/France/IDF-HMN-21022230289/2021|EPI_ISL_1110211|2021-01-29,A,N,5976,5976 A -> N
hCoV-19/France/IDF-HMN-21022230289/2021|EPI_ISL_1110211|2021-01-29,T,N,5977,5977 T -> N
hCoV-19/France/IDF-HMN-21022230289/2021|EPI_ISL_1110211|2021-01-29,T,N,5978,5978 T -> N
hCoV-19/France/IDF-HMN-21022230289/2021|EPI_ISL_1110211|2021-01-29,C,N,5979,5979 C -> N
hCoV-19/France/IDF-HMN-21022230289/2021|EPI_ISL_1110211|2021-01-29,T,N,5980,5980 T -> N
hCoV-19/France/IDF-HMN-21022230289/2021|EPI_ISL_1110211|2021-01-29,T,N,5981,5981 T -> N
hCoV-19/France/IDF-HMN-21022230289/2021|EPI_ISL_1110211|2021-01-29,A,N,5982,5982 A -> N
hCoV-19/France/IDF-HMN-21022230289/2021|EPI_ISL_1110211|2021-01-29,T,N,5983,5983 T -> N
hCoV-19/France/IDF-HMN-21022230289/2021|EPI_ISL_1110211|2021-01-29,T,N,5984,5984 T -> N
hCoV-19/France/IDF-HMN-21022230289/2021|EPI_ISL_1110211|2021-01-29,T,N,5985,5985 T -> N
hCoV-19/France/IDF-HMN-21022230289/2021|EPI_ISL_1110211|2021-01-29,C,N,5986,5986 C -> N
hCoV-19/France/IDF-HMN-21022230289/2021|EPI_ISL_1110211|2021-01-29,A,N,5987,5987 A -> N
hCoV-19/France/IDF-HMN-21022230289/2021|EPI_ISL_1110211|2021-01-29,C,N,5988,5988 C -> N
hCoV-19/France/IDF-HMN-21022230289/2021|EPI_ISL_1110211|2021-01-29,A,N,5989,5989 A -> N
hCoV-19/France/IDF-HMN-21022230289/2021|EPI_ISL_1110211|2021-01-29,G,N,5990,5990 G -> N
hCoV-19/France/IDF-HMN-21022230289/2021|EPI_ISL_1110211|2021-01-29,A,N,5991,5991 A -> N
hCoV-19/France/IDF-HMN-21022230289/2021|EPI_ISL_1110211|2021-01-29,G,N,5992,5992 G -> N
hCoV-19/France/IDF-HMN-21022230289/2021|EPI_ISL_1110211|2021-01-29,C,N,5993,5993 C -> N
hCoV-19/France/IDF-HMN-21022230289/2021|EPI_ISL_1110211|2021-01-29,A,N,5994,5994 A -> N
hCoV-19/France/IDF-HMN-21022230289/2021|EPI_ISL_1110211|2021-01-29,A,N,5995,5995 A -> N
hCoV-19/France/IDF-HMN-21022230289/2021|EPI_ISL_1110211|2021-01-29,C,N,5996,5996 C -> N
hCoV-19/France/IDF-HMN-21022230289/2021|EPI_ISL_1110211|2021-01-29,C,N,5997,5997 C -> N
hCoV-19/France/IDF-HMN-21022230289/2021|EPI_ISL_1110211|2021-01-29,A,N,5998,5998 A -> N
hCoV-19/France/IDF-HMN-21022230289/2021|EPI_ISL_1110211|2021-01-29,A,N,5999,5999 A -> N
hCoV-19/France/IDF-HMN-21022230289/2021|EPI_ISL_1110211|2021-01-29,T,N,6000,6000 T -> N
hCoV-19/France/IDF-HMN-21022230289/2021|EPI_ISL_1110211|2021-01-29,T,N,6001,6001 T -> N
hCoV-19/France/IDF-HMN-21022230289/2021|EPI_ISL_1110211|2021-01-29,G,N,6002,6002 G -> N
hCoV-19/France/IDF-HMN-21022230289/2021|EPI_ISL_1110211|2021-01-29,A,N,6003,6003 A -> N
hCoV-19/France/IDF-HMN-21022230289/2021|EPI_ISL_1110211|2021-01-29,T,N,6004,6004 T -> N
hCoV-19/France/IDF-HMN-21022230289/2021|EPI_ISL_1110211|2021-01-29,C,N,6005,6005 C -> N
hCoV-19/France/IDF-HMN-21022230289/2021|EPI_ISL_1110211|2021-01-29,T,N,6006,6006 T -> N
hCoV-19/France/IDF-HMN-21022230289/2021|EPI_ISL_1110211|2021-01-29,T,N,6007,6007 T -> N
hCoV-19/France/IDF-HMN-21022230289/2021|EPI_ISL_1110211|2021-01-29,G,N,6008,6008 G -> N
hCoV-19/France/IDF-HMN-21022230289/2021|EPI_ISL_1110211|2021-01-29,T,N,6009,6009 T -> N
hCoV-19/France/IDF-HMN-21022230289/2021|EPI_ISL_1110211|2021-01-29,A,N,6010,6010 A -> N
hCoV-19/France/IDF-HMN-21022230289/2021|EPI_ISL_1110211|2021-01-29,C,N,6011,6011 C -> N
hCoV-19/France/IDF-HMN-21022230289/2021|EPI_ISL_1110211|2021-01-29,C,N,6012,6012 C -> N
hCoV-19/France/IDF-HMN-21022230289/2021|EPI_ISL_1110211|2021-01-29,A,N,6013,6013 A -> N
hCoV-19/France/IDF-HMN-21022230289/2021|EPI_ISL_1110211|2021-01-29,A,N,6014,6014 A -> N
hCoV-19/France/IDF-HMN-21022230289/2021|EPI_ISL_1110211|2021-01-29,A,N,6015,6015 A -> N
hCoV-19/France/IDF-HMN-21022230289/2021|EPI_ISL_1110211|2021-01-29,C,N,6016,6016 C -> N
hCoV-19/France/IDF-HMN-21022230289/2021|EPI_ISL_1110211|2021-01-29,C,N,6017,6017 C -> N
hCoV-19/France/IDF-HMN-21022230289/2021|EPI_ISL_1110211|2021-01-29,A,N,6018,6018 A -> N
hCoV-19/France/IDF-HMN-21022230289/2021|EPI_ISL_1110211|2021-01-29,A,N,6019,6019 A -> N
hCoV-19/France/IDF-HMN-21022230289/2021|EPI_ISL_1110211|2021-01-29,C,N,6020,6020 C -> N
hCoV-19/France/IDF-HMN-21022230289/2021|EPI_ISL_1110211|2021-01-29,C,N,6021,6021 C -> N
hCoV-19/France/IDF-HMN-21022230289/2021|EPI_ISL_1110211|2021-01-29,A,N,6022,6022 A -> N
hCoV-19/France/IDF-HMN-21022230289/2021|EPI_ISL_1110211|2021-01-29,T,N,6023,6023 T -> N
hCoV-19/France/IDF-HMN-21022230289/2021|EPI_ISL_1110211|2021-01-29,A,N,6024,6024 A -> N
hCoV-19/France/IDF-HMN-21022230289/2021|EPI_ISL_1110211|2021-01-29,T,N,6025,6025 T -> N
hCoV-19/France/IDF-HMN-21022230289/2021|EPI_ISL_1110211|2021-01-29,C,N,6026,6026 C -> N
hCoV-19/France/IDF-HMN-21022230289/2021|EPI_ISL_1110211|2021-01-29,C,N,6027,6027 C -> N
hCoV-19/France/IDF-HMN-21022230289/2021|EPI_ISL_1110211|2021-01-29,A,N,6028,6028 A -> N
hCoV-19/France/IDF-HMN-21022230289/2021|EPI_ISL_1110211|2021-01-29,A,N,6029,6029 A -> N
hCoV-19/France/IDF-HMN-21022230289/2021|EPI_ISL_1110211|2021-01-29,A,N,6030,6030 A -> N
hCoV-19/France/IDF-HMN-21022230289/2021|EPI_ISL_1110211|2021-01-29,C,N,6031,6031 C -> N
hCoV-19/France/IDF-HMN-21022230289/2021|EPI_ISL_1110211|2021-01-29,G,N,6032,6032 G -> N
hCoV-19/France/IDF-HMN-21022230289/2021|EPI_ISL_1110211|2021-01-29,C,N,6033,6033 C -> N
hCoV-19/France/IDF-HMN-21022230289/2021|EPI_ISL_1110211|2021-01-29,A,N,6034,6034 A -> N
hCoV-19/France/IDF-HMN-21022230289/2021|EPI_ISL_1110211|2021-01-29,A,N,6035,6035 A -> N
hCoV-19/France/IDF-HMN-21022230289/2021|EPI_ISL_1110211|2021-01-29,G,N,6036,6036 G -> N
hCoV-19/France/IDF-HMN-21022230289/2021|EPI_ISL_1110211|2021-01-29,C,N,6037,6037 C -> N
hCoV-19/France/IDF-HMN-21022230289/2021|EPI_ISL_1110211|2021-01-29,T,N,6038,6038 T -> N
hCoV-19/France/IDF-HMN-21022230289/2021|EPI_ISL_1110211|2021-01-29,T,N,6039,6039 T -> N
hCoV-19/France/IDF-HMN-21022230289/2021|EPI_ISL_1110211|2021-01-29,C,N,6040,6040 C -> N
hCoV-19/France/IDF-HMN-21022230289/2021|EPI_ISL_1110211|2021-01-29,G,N,6041,6041 G -> N
hCoV-19/France/IDF-HMN-21022230289/2021|EPI_ISL_1110211|2021-01-29,A,N,6042,6042 A -> N
hCoV-19/France/IDF-HMN-21022230289/2021|EPI_ISL_1110211|2021-01-29,T,N,6043,6043 T -> N
hCoV-19/France/IDF-HMN-21022230289/2021|EPI_ISL_1110211|2021-01-29,A,N,6044,6044 A -> N
hCoV-19/France/IDF-HMN-21022230289/2021|EPI_ISL_1110211|2021-01-29,A,N,6045,6045 A -> N
hCoV-19/France/IDF-HMN-21022230289/2021|EPI_ISL_1110211|2021-01-29,T,N,6046,6046 T -> N
hCoV-19/France/IDF-HMN-21022230289/2021|EPI_ISL_1110211|2021-01-29,T,N,6047,6047 T -> N
hCoV-19/France/IDF-HMN-21022230289/2021|EPI_ISL_1110211|2021-01-29,T,N,6048,6048 T -> N
hCoV-19/France/IDF-HMN-21022230289/2021|EPI_ISL_1110211|2021-01-29,T,N,6049,6049 T -> N
hCoV-19/France/IDF-HMN-21022230289/2021|EPI_ISL_1110211|2021-01-29,A,N,6050,6050 A -> N
hCoV-19/France/IDF-HMN-21022230289/2021|EPI_ISL_1110211|2021-01-29,A,N,6051,6051 A -> N
hCoV-19/France/IDF-HMN-21022230289/2021|EPI_ISL_1110211|2021-01-29,G,N,6052,6052 G -> N
hCoV-19/France/IDF-HMN-21022230289/2021|EPI_ISL_1110211|2021-01-29,T,N,6053,6053 T -> N
hCoV-19/France/IDF-HMN-21022230289/2021|EPI_ISL_1110211|2021-01-29,T,N,6054,6054 T -> N
hCoV-19/France/IDF-HMN-21022230289/2021|EPI_ISL_1110211|2021-01-29,T,N,6055,6055 T -> N
hCoV-19/France/IDF-HMN-21022230289/2021|EPI_ISL_1110211|2021-01-29,G,N,6056,6056 G -> N
hCoV-19/France/IDF-HMN-21022230289/2021|EPI_ISL_1110211|2021-01-29,T,N,6057,6057 T -> N
hCoV-19/France/IDF-HMN-21022230289/2021|EPI_ISL_1110211|2021-01-29,A,N,6058,6058 A -> N
hCoV-19/France/IDF-HMN-21022230289/2021|EPI_ISL_1110211|2021-01-29,T,N,6059,6059 T -> N
hCoV-19/France/IDF-HMN-21022230289/2021|EPI_ISL_1110211|2021-01-29,G,N,6060,6060 G -> N
hCoV-19/France/IDF-HMN-21022230289/2021|EPI_ISL_1110211|2021-01-29,T,N,6061,6061 T -> N
hCoV-19/France/IDF-HMN-21022230289/2021|EPI_ISL_1110211|2021-01-29,G,N,6062,6062 G -> N
hCoV-19/France/IDF-HMN-21022230289/2021|EPI_ISL_1110211|2021-01-29,A,N,6063,6063 A -> N
hCoV-19/France/IDF-HMN-21022230289/2021|EPI_ISL_1110211|2021-01-29,T,N,6064,6064 T -> N
hCoV-19/France/IDF-HMN-21022230289/2021|EPI_ISL_1110211|2021-01-29,A,N,6065,6065 A -> N
hCoV-19/France/IDF-HMN-21022230289/2021|EPI_ISL_1110211|2021-01-29,A,N,6066,6066 A -> N
hCoV-19/France/IDF-HMN-21022230289/2021|EPI_ISL_1110211|2021-01-29,T,N,6067,6067 T -> N
hCoV-19/France/IDF-HMN-21022230289/2021|EPI_ISL_1110211|2021-01-29,A,N,6068,6068 A -> N
hCoV-19/France/IDF-HMN-21022230289/2021|EPI_ISL_1110211|2021-01-29,T,N,6069,6069 T -> N
hCoV-19/France/IDF-HMN-21022230289/2021|EPI_ISL_1110211|2021-01-29,C,N,6070,6070 C -> N
hCoV-19/France/IDF-HMN-21022230289/2021|EPI_ISL_1110211|2021-01-29,A,N,6071,6071 A -> N
hCoV-19/France/IDF-HMN-21022230289/2021|EPI_ISL_1110211|2021-01-29,A,N,6072,6072 A -> N
hCoV-19/France/IDF-HMN-21022230289/2021|EPI_ISL_1110211|2021-01-29,A,N,6073,6073 A -> N
hCoV-19/France/IDF-HMN-21022230289/2021|EPI_ISL_1110211|2021-01-29,T,N,6074,6074 T -> N
hCoV-19/France/IDF-HMN-21022230289/2021|EPI_ISL_1110211|2021-01-29,T,N,6075,6075 T -> N
hCoV-19/France/IDF-HMN-21022230289/2021|EPI_ISL_1110211|2021-01-29,T,N,6076,6076 T -> N
hCoV-19/France/IDF-HMN-21022230289/2021|EPI_ISL_1110211|2021-01-29,G,N,6077,6077 G -> N
hCoV-19/France/IDF-HMN-21022230289/2021|EPI_ISL_1110211|2021-01-29,C,N,6078,6078 C -> N
hCoV-19/France/IDF-HMN-21022230289/2021|EPI_ISL_1110211|2021-01-29,T,N,6079,6079 T -> N
hCoV-19/France/IDF-HMN-21022230289/2021|EPI_ISL_1110211|2021-01-29,G,N,6080,6080 G -> N
hCoV-19/France/IDF-HMN-21022230289/2021|EPI_ISL_1110211|2021-01-29,A,N,6081,6081 A -> N
hCoV-19/France/IDF-HMN-21022230289/2021|EPI_ISL_1110211|2021-01-29,T,N,6082,6082 T -> N
hCoV-19/France/IDF-HMN-21022230289/2021|EPI_ISL_1110211|2021-01-29,G,N,6083,6083 G -> N
hCoV-19/France/IDF-HMN-21022230289/2021|EPI_ISL_1110211|2021-01-29,A,N,6084,6084 A -> N
hCoV-19/France/IDF-HMN-21022230289/2021|EPI_ISL_1110211|2021-01-29,T,N,6085,6085 T -> N
hCoV-19/France/IDF-HMN-21022230289/2021|EPI_ISL_1110211|2021-01-29,T,N,6086,6086 T -> N
hCoV-19/France/IDF-HMN-21022230289/2021|EPI_ISL_1110211|2021-01-29,T,N,6087,6087 T -> N
hCoV-19/France/IDF-HMN-21022230289/2021|EPI_ISL_1110211|2021-01-29,A,N,6088,6088 A -> N
hCoV-19/France/IDF-HMN-21022230289/2021|EPI_ISL_1110211|2021-01-29,A,N,6089,6089 A -> N
hCoV-19/France/IDF-HMN-21022230289/2021|EPI_ISL_1110211|2021-01-29,A,N,6090,6090 A -> N
hCoV-19/France/IDF-HMN-21022230289/2021|EPI_ISL_1110211|2021-01-29,C,N,6091,6091 C -> N
hCoV-19/France/IDF-HMN-21022230289/2021|EPI_ISL_1110211|2021-01-29,C,N,6092,6092 C -> N
hCoV-19/France/IDF-HMN-21022230289/2021|EPI_ISL_1110211|2021-01-29,A,N,6093,6093 A -> N
hCoV-19/France/IDF-HMN-21022230289/2021|EPI_ISL_1110211|2021-01-29,G,N,6094,6094 G -> N
hCoV-19/France/IDF-HMN-21022230289/2021|EPI_ISL_1110211|2021-01-29,T,N,6095,6095 T -> N
hCoV-19/France/IDF-HMN-21022230289/2021|EPI_ISL_1110211|2021-01-29,T,N,6096,6096 T -> N
hCoV-19/France/IDF-HMN-21022230289/2021|EPI_ISL_1110211|2021-01-29,A,N,6097,6097 A -> N
hCoV-19/France/IDF-HMN-21022230289/2021|EPI_ISL_1110211|2021-01-29,A,N,6098,6098 A -> N
hCoV-19/France/IDF-HMN-21022230289/2021|EPI_ISL_1110211|2021-01-29,C,N,6099,6099 C -> N
hCoV-19/France/IDF-HMN-21022230289/2021|EPI_ISL_1110211|2021-01-29,T,N,6100,6100 T -> N
hCoV-19/France/IDF-HMN-21022230289/2021|EPI_ISL_1110211|2021-01-29,G,N,6101,6101 G -> N
hCoV-19/France/IDF-HMN-21022230289/2021|EPI_ISL_1110211|2021-01-29,G,N,6102,6102 G -> N
hCoV-19/France/IDF-HMN-21022230289/2021|EPI_ISL_1110211|2021-01-29,T,N,6103,6103 T -> N
hCoV-19/France/IDF-HMN-21022230289/2021|EPI_ISL_1110211|2021-01-29,T,N,6104,6104 T -> N
hCoV-19/France/IDF-HMN-21022230289/2021|EPI_ISL_1110211|2021-01-29,A,N,6105,6105 A -> N
hCoV-19/France/IDF-HMN-21022230289/2021|EPI_ISL_1110211|2021-01-29,T,N,6106,6106 T -> N
hCoV-19/France/IDF-HMN-21022230289/2021|EPI_ISL_1110211|2021-01-29,A,N,6107,6107 A -> N
hCoV-19/France/IDF-HMN-21022230289/2021|EPI_ISL_1110211|2021-01-29,A,N,6108,6108 A -> N
hCoV-19/France/IDF-HMN-21022230289/2021|EPI_ISL_1110211|2021-01-29,G,N,6109,6109 G -> N
hCoV-19/France/IDF-HMN-21022230289/2021|EPI_ISL_1110211|2021-01-29,A,N,6110,6110 A -> N
hCoV-19/France/IDF-HMN-21022230289/2021|EPI_ISL_1110211|2021-01-29,A,N,6111,6111 A -> N
hCoV-19/France/IDF-HMN-21022230289/2021|EPI_ISL_1110211|2021-01-29,A,N,6112,6112 A -> N
hCoV-19/France/IDF-HMN-21022230289/2021|EPI_ISL_1110211|2021-01-29,C,N,6113,6113 C -> N
hCoV-19/France/IDF-HMN-21022230289/2021|EPI_ISL_1110211|2021-01-29,C,N,6114,6114 C -> N
hCoV-19/France/IDF-HMN-21022230289/2021|EPI_ISL_1110211|2021-01-29,T,N,6115,6115 T -> N
hCoV-19/France/IDF-HMN-21022230289/2021|EPI_ISL_1110211|2021-01-29,G,N,6116,6116 G -> N
hCoV-19/France/IDF-HMN-21022230289/2021|EPI_ISL_1110211|2021-01-29,C,N,6117,6117 C -> N
hCoV-19/France/IDF-HMN-21022230289/2021|EPI_ISL_1110211|2021-01-29,T,N,6118,6118 T -> N
hCoV-19/France/IDF-HMN-21022230289/2021|EPI_ISL_1110211|2021-01-29,T,N,6119,6119 T -> N
hCoV-19/France/IDF-HMN-21022230289/2021|EPI_ISL_1110211|2021-01-29,C,N,6120,6120 C -> N
hCoV-19/France/IDF-HMN-21022230289/2021|EPI_ISL_1110211|2021-01-29,A,N,6121,6121 A -> N
hCoV-19/France/IDF-HMN-21022230289/2021|EPI_ISL_1110211|2021-01-29,A,N,6122,6122 A -> N
hCoV-19/France/IDF-HMN-21022230289/2021|EPI_ISL_1110211|2021-01-29,G,N,6123,6123 G -> N
hCoV-19/France/IDF-HMN-21022230289/2021|EPI_ISL_1110211|2021-01-29,A,N,6124,6124 A -> N
hCoV-19/France/IDF-HMN-21022230289/2021|EPI_ISL_1110211|2021-01-29,G,N,6125,6125 G -> N
hCoV-19/France/IDF-HMN-21022230289/2021|EPI_ISL_1110211|2021-01-29,A,N,6126,6126 A -> N
hCoV-19/France/IDF-HMN-21022230289/2021|EPI_ISL_1110211|2021-01-29,G,N,6127,6127 G -> N
hCoV-19/France/IDF-HMN-21022230289/2021|EPI_ISL_1110211|2021-01-29,C,N,6128,6128 C -> N
hCoV-19/France/IDF-HMN-21022230289/2021|EPI_ISL_1110211|2021-01-29,T,N,6129,6129 T -> N
hCoV-19/France/IDF-HMN-21022230289/2021|EPI_ISL_1110211|2021-01-29,T,N,6130,6130 T -> N
hCoV-19/France/IDF-HMN-21022230289/2021|EPI_ISL_1110211|2021-01-29,A,N,6131,6131 A -> N
hCoV-19/France/IDF-HMN-21022230289/2021|EPI_ISL_1110211|2021-01-29,A,N,6132,6132 A -> N
hCoV-19/France/IDF-HMN-21022230289/2021|EPI_ISL_1110211|2021-01-29,A,N,6133,6133 A -> N
hCoV-19/France/IDF-HMN-21022230289/2021|EPI_ISL_1110211|2021-01-29,G,N,6134,6134 G -> N
hCoV-19/France/IDF-HMN-21022230289/2021|EPI_ISL_1110211|2021-01-29,T,N,6135,6135 T -> N
hCoV-19/France/IDF-HMN-21022230289/2021|EPI_ISL_1110211|2021-01-29,T,N,6136,6136 T -> N
hCoV-19/France/IDF-HMN-21022230289/2021|EPI_ISL_1110211|2021-01-29,A,N,6137,6137 A -> N
hCoV-19/France/IDF-HMN-21022230289/2021|EPI_ISL_1110211|2021-01-29,C,N,6138,6138 C -> N
hCoV-19/France/IDF-HMN-21022230289/2021|EPI_ISL_1110211|2021-01-29,A,N,6139,6139 A -> N
hCoV-19/France/IDF-HMN-21022230289/2021|EPI_ISL_1110211|2021-01-29,T,N,6140,6140 T -> N
hCoV-19/France/IDF-HMN-21022230289/2021|EPI_ISL_1110211|2021-01-29,T,N,6141,6141 T -> N
hCoV-19/France/IDF-HMN-21022230289/2021|EPI_ISL_1110211|2021-01-29,T,N,6142,6142 T -> N
hCoV-19/France/IDF-HMN-21022230289/2021|EPI_ISL_1110211|2021-01-29,T,N,6143,6143 T -> N
hCoV-19/France/IDF-HMN-21022230289/2021|EPI_ISL_1110211|2021-01-29,T,N,6144,6144 T -> N
hCoV-19/France/IDF-HMN-21022230289/2021|EPI_ISL_1110211|2021-01-29,C,N,6145,6145 C -> N
hCoV-19/France/IDF-HMN-21022230289/2021|EPI_ISL_1110211|2021-01-29,C,N,6146,6146 C -> N
hCoV-19/France/IDF-HMN-21022230289/2021|EPI_ISL_1110211|2021-01-29,C,N,6147,6147 C -> N
hCoV-19/France/IDF-HMN-21022230289/2021|EPI_ISL_1110211|2021-01-29,T,N,6148,6148 T -> N
hCoV-19/France/IDF-HMN-21022230289/2021|EPI_ISL_1110211|2021-01-29,G,N,6149,6149 G -> N
hCoV-19/France/IDF-HMN-21022230289/2021|EPI_ISL_1110211|2021-01-29,A,N,6150,6150 A -> N
hCoV-19/France/IDF-HMN-21022230289/2021|EPI_ISL_1110211|2021-01-29,C,N,6151,6151 C -> N
hCoV-19/France/IDF-HMN-21022230289/2021|EPI_ISL_1110211|2021-01-29,T,N,6152,6152 T -> N
hCoV-19/France/IDF-HMN-21022230289/2021|EPI_ISL_1110211|2021-01-29,T,N,6153,6153 T -> N
hCoV-19/France/IDF-HMN-21022230289/2021|EPI_ISL_1110211|2021-01-29,A,N,6154,6154 A -> N
hCoV-19/France/IDF-HMN-21022230289/2021|EPI_ISL_1110211|2021-01-29,A,N,6155,6155 A -> N
hCoV-19/France/IDF-HMN-21022230289/2021|EPI_ISL_1110211|2021-01-29,A,N,6156,6156 A -> N
hCoV-19/France/IDF-HMN-21022230289/2021|EPI_ISL_1110211|2021-01-29,T,N,6157,6157 T -> N
hCoV-19/France/IDF-HMN-21022230289/2021|EPI_ISL_1110211|2021-01-29,G,N,6158,6158 G -> N
hCoV-19/France/IDF-HMN-21022230289/2021|EPI_ISL_1110211|2021-01-29,G,N,6159,6159 G -> N
hCoV-19/France/IDF-HMN-21022230289/2021|EPI_ISL_1110211|2021-01-29,T,N,6160,6160 T -> N
hCoV-19/France/IDF-HMN-21022230289/2021|EPI_ISL_1110211|2021-01-29,G,N,6161,6161 G -> N
hCoV-19/France/IDF-HMN-21022230289/2021|EPI_ISL_1110211|2021-01-29,A,N,6162,6162 A -> N
hCoV-19/France/IDF-HMN-21022230289/2021|EPI_ISL_1110211|2021-01-29,T,N,6163,6163 T -> N
hCoV-19/France/IDF-HMN-21022230289/2021|EPI_ISL_1110211|2021-01-29,G,N,6164,6164 G -> N
hCoV-19/France/IDF-HMN-21022230289/2021|EPI_ISL_1110211|2021-01-29,T,N,6165,6165 T -> N
hCoV-19/France/IDF-HMN-21022230289/2021|EPI_ISL_1110211|2021-01-29,G,N,6166,6166 G -> N
hCoV-19/France/IDF-HMN-21022230289/2021|EPI_ISL_1110211|2021-01-29,G,N,6167,6167 G -> N
hCoV-19/France/IDF-HMN-21022230289/2021|EPI_ISL_1110211|2021-01-29,T,N,6168,6168 T -> N
hCoV-19/France/IDF-HMN-21022230289/2021|EPI_ISL_1110211|2021-01-29,G,N,6169,6169 G -> N
hCoV-19/France/IDF-HMN-21022230289/2021|EPI_ISL_1110211|2021-01-29,G,N,6170,6170 G -> N
hCoV-19/France/IDF-HMN-21022230289/2021|EPI_ISL_1110211|2021-01-29,C,N,6171,6171 C -> N
hCoV-19/France/IDF-HMN-21022230289/2021|EPI_ISL_1110211|2021-01-29,T,N,6172,6172 T -> N
hCoV-19/France/IDF-HMN-21022230289/2021|EPI_ISL_1110211|2021-01-29,A,N,6173,6173 A -> N
hCoV-19/France/IDF-HMN-21022230289/2021|EPI_ISL_1110211|2021-01-29,T,N,6174,6174 T -> N
hCoV-19/France/IDF-HMN-21022230289/2021|EPI_ISL_1110211|2021-01-29,T,N,6175,6175 T -> N
hCoV-19/France/IDF-HMN-21022230289/2021|EPI_ISL_1110211|2021-01-29,C,A,7047,7047 C -> A
hCoV-19/France/IDF-HMN-21022230289/2021|EPI_ISL_1110211|2021-01-29,T,C,9743,9743 T -> C
hCoV-19/France/IDF-HMN-21022230289/2021|EPI_ISL_1110211|2021-01-29,C,T,10252,10252 C -> T
hCoV-19/France/IDF-HMN-21022230289/2021|EPI_ISL_1110211|2021-01-29,C,T,14408,14408 C -> T
hCoV-19/France/IDF-HMN-21022230289/2021|EPI_ISL_1110211|2021-01-29,A,G,15905,15905 A -> G
hCoV-19/France/IDF-HMN-21022230289/2021|EPI_ISL_1110211|2021-01-29,C,T,18508,18508 C -> T
hCoV-19/France/IDF-HMN-21022230289/2021|EPI_ISL_1110211|2021-01-29,C,T,18555,18555 C -> T
hCoV-19/France/IDF-HMN-21022230289/2021|EPI_ISL_1110211|2021-01-29,C,T,21077,21077 C -> T
hCoV-19/France/IDF-HMN-21022230289/2021|EPI_ISL_1110211|2021-01-29,A,G,21488,21488 A -> G
hCoV-19/France/IDF-HMN-21022230289/2021|EPI_ISL_1110211|2021-01-29,C,T,21691,21691 C -> T
hCoV-19/France/IDF-HMN-21022230289/2021|EPI_ISL_1110211|2021-01-29,C,G,21758,21758 C -> G
hCoV-19/France/IDF-HMN-21022230289/2021|EPI_ISL_1110211|2021-01-29,G,T,21987,21987 G -> T
hCoV-19/France/IDF-HMN-21022230289/2021|EPI_ISL_1110211|2021-01-29,A,G,22206,22206 A -> G
hCoV-19/France/IDF-HMN-21022230289/2021|EPI_ISL_1110211|2021-01-29,T,N,22334,22334 T -> N
hCoV-19/France/IDF-HMN-21022230289/2021|EPI_ISL_1110211|2021-01-29,A,N,22339,22339 A -> N
hCoV-19/France/IDF-HMN-21022230289/2021|EPI_ISL_1110211|2021-01-29,G,N,22340,22340 G -> N
hCoV-19/France/IDF-HMN-21022230289/2021|EPI_ISL_1110211|2021-01-29,G,N,22380,22380 G -> N
hCoV-19/France/IDF-HMN-21022230289/2021|EPI_ISL_1110211|2021-01-29,G,N,22381,22381 G -> N
hCoV-19/France/IDF-HMN-21022230289/2021|EPI_ISL_1110211|2021-01-29,A,N,22382,22382 A -> N
hCoV-19/France/IDF-HMN-21022230289/2021|EPI_ISL_1110211|2021-01-29,C,N,22383,22383 C -> N
hCoV-19/France/IDF-HMN-21022230289/2021|EPI_ISL_1110211|2021-01-29,T,N,22384,22384 T -> N
hCoV-19/France/IDF-HMN-21022230289/2021|EPI_ISL_1110211|2021-01-29,T,N,22385,22385 T -> N
hCoV-19/France/IDF-HMN-21022230289/2021|EPI_ISL_1110211|2021-01-29,T,N,22386,22386 T -> N
hCoV-19/France/IDF-HMN-21022230289/2021|EPI_ISL_1110211|2021-01-29,T,N,22387,22387 T -> N
hCoV-19/France/IDF-HMN-21022230289/2021|EPI_ISL_1110211|2021-01-29,C,N,22388,22388 C -> N
hCoV-19/France/IDF-HMN-21022230289/2021|EPI_ISL_1110211|2021-01-29,T,N,22389,22389 T -> N
hCoV-19/France/IDF-HMN-21022230289/2021|EPI_ISL_1110211|2021-01-29,A,N,22390,22390 A -> N
hCoV-19/France/IDF-HMN-21022230289/2021|EPI_ISL_1110211|2021-01-29,T,N,22391,22391 T -> N
hCoV-19/France/IDF-HMN-21022230289/2021|EPI_ISL_1110211|2021-01-29,T,N,22392,22392 T -> N
hCoV-19/France/IDF-HMN-21022230289/2021|EPI_ISL_1110211|2021-01-29,A,N,22393,22393 A -> N
hCoV-19/France/IDF-HMN-21022230289/2021|EPI_ISL_1110211|2021-01-29,A,N,22394,22394 A -> N
hCoV-19/France/IDF-HMN-21022230289/2021|EPI_ISL_1110211|2021-01-29,A,N,22395,22395 A -> N
hCoV-19/France/IDF-HMN-21022230289/2021|EPI_ISL_1110211|2021-01-29,A,N,22396,22396 A -> N
hCoV-19/France/IDF-HMN-21022230289/2021|EPI_ISL_1110211|2021-01-29,T,N,22397,22397 T -> N
hCoV-19/France/IDF-HMN-21022230289/2021|EPI_ISL_1110211|2021-01-29,A,N,22398,22398 A -> N
hCoV-19/France/IDF-HMN-21022230289/2021|EPI_ISL_1110211|2021-01-29,T,N,22399,22399 T -> N
hCoV-19/France/IDF-HMN-21022230289/2021|EPI_ISL_1110211|2021-01-29,A,N,22400,22400 A -> N
hCoV-19/France/IDF-HMN-21022230289/2021|EPI_ISL_1110211|2021-01-29,A,N,22401,22401 A -> N
hCoV-19/France/IDF-HMN-21022230289/2021|EPI_ISL_1110211|2021-01-29,T,N,22402,22402 T -> N
hCoV-19/France/IDF-HMN-21022230289/2021|EPI_ISL_1110211|2021-01-29,G,N,22403,22403 G -> N
hCoV-19/France/IDF-HMN-21022230289/2021|EPI_ISL_1110211|2021-01-29,A,N,22404,22404 A -> N
hCoV-19/France/IDF-HMN-21022230289/2021|EPI_ISL_1110211|2021-01-29,A,N,22405,22405 A -> N
hCoV-19/France/IDF-HMN-21022230289/2021|EPI_ISL_1110211|2021-01-29,A,N,22406,22406 A -> N
hCoV-19/France/IDF-HMN-21022230289/2021|EPI_ISL_1110211|2021-01-29,A,N,22407,22407 A -> N
hCoV-19/France/IDF-HMN-21022230289/2021|EPI_ISL_1110211|2021-01-29,T,N,22408,22408 T -> N
hCoV-19/France/IDF-HMN-21022230289/2021|EPI_ISL_1110211|2021-01-29,G,N,22409,22409 G -> N
hCoV-19/France/IDF-HMN-21022230289/2021|EPI_ISL_1110211|2021-01-29,G,N,22410,22410 G -> N
hCoV-19/France/IDF-HMN-21022230289/2021|EPI_ISL_1110211|2021-01-29,A,N,22411,22411 A -> N
hCoV-19/France/IDF-HMN-21022230289/2021|EPI_ISL_1110211|2021-01-29,A,N,22412,22412 A -> N
hCoV-19/France/IDF-HMN-21022230289/2021|EPI_ISL_1110211|2021-01-29,C,N,22413,22413 C -> N
hCoV-19/France/IDF-HMN-21022230289/2021|EPI_ISL_1110211|2021-01-29,C,N,22414,22414 C -> N
hCoV-19/France/IDF-HMN-21022230289/2021|EPI_ISL_1110211|2021-01-29,A,N,22415,22415 A -> N
hCoV-19/France/IDF-HMN-21022230289/2021|EPI_ISL_1110211|2021-01-29,T,N,22416,22416 T -> N
hCoV-19/France/IDF-HMN-21022230289/2021|EPI_ISL_1110211|2021-01-29,T,N,22417,22417 T -> N
hCoV-19/France/IDF-HMN-21022230289/2021|EPI_ISL_1110211|2021-01-29,A,N,22418,22418 A -> N
hCoV-19/France/IDF-HMN-21022230289/2021|EPI_ISL_1110211|2021-01-29,C,N,22419,22419 C -> N
hCoV-19/France/IDF-HMN-21022230289/2021|EPI_ISL_1110211|2021-01-29,A,N,22420,22420 A -> N
hCoV-19/France/IDF-HMN-21022230289/2021|EPI_ISL_1110211|2021-01-29,G,N,22421,22421 G -> N
hCoV-19/France/IDF-HMN-21022230289/2021|EPI_ISL_1110211|2021-01-29,A,N,22422,22422 A -> N
hCoV-19/France/IDF-HMN-21022230289/2021|EPI_ISL_1110211|2021-01-29,T,N,22483,22483 T -> N
hCoV-19/France/IDF-HMN-21022230289/2021|EPI_ISL_1110211|2021-01-29,G,N,22484,22484 G -> N
hCoV-19/France/IDF-HMN-21022230289/2021|EPI_ISL_1110211|2021-01-29,T,N,22485,22485 T -> N
hCoV-19/France/IDF-HMN-21022230289/2021|EPI_ISL_1110211|2021-01-29,A,N,22490,22490 A -> N
hCoV-19/France/IDF-HMN-21022230289/2021|EPI_ISL_1110211|2021-01-29,A,N,22491,22491 A -> N
hCoV-19/France/IDF-HMN-21022230289/2021|EPI_ISL_1110211|2021-01-29,A,N,22492,22492 A -> N
hCoV-19/France/IDF-HMN-21022230289/2021|EPI_ISL_1110211|2021-01-29,G,N,22493,22493 G -> N
hCoV-19/France/IDF-HMN-21022230289/2021|EPI_ISL_1110211|2021-01-29,G,N,22494,22494 G -> N
hCoV-19/France/IDF-HMN-21022230289/2021|EPI_ISL_1110211|2021-01-29,A,N,22495,22495 A -> N
hCoV-19/France/IDF-HMN-21022230289/2021|EPI_ISL_1110211|2021-01-29,A,N,22496,22496 A -> N
hCoV-19/France/IDF-HMN-21022230289/2021|EPI_ISL_1110211|2021-01-29,T,N,22497,22497 T -> N
hCoV-19/France/IDF-HMN-21022230289/2021|EPI_ISL_1110211|2021-01-29,C,N,22498,22498 C -> N
hCoV-19/France/IDF-HMN-21022230289/2021|EPI_ISL_1110211|2021-01-29,T,N,22499,22499 T -> N
hCoV-19/France/IDF-HMN-21022230289/2021|EPI_ISL_1110211|2021-01-29,A,N,22500,22500 A -> N
hCoV-19/France/IDF-HMN-21022230289/2021|EPI_ISL_1110211|2021-01-29,T,N,22501,22501 T -> N
hCoV-19/France/IDF-HMN-21022230289/2021|EPI_ISL_1110211|2021-01-29,T,N,22507,22507 T -> N
hCoV-19/France/IDF-HMN-21022230289/2021|EPI_ISL_1110211|2021-01-29,T,N,22508,22508 T -> N
hCoV-19/France/IDF-HMN-21022230289/2021|EPI_ISL_1110211|2021-01-29,C,N,22509,22509 C -> N
hCoV-19/France/IDF-HMN-21022230289/2021|EPI_ISL_1110211|2021-01-29,T,N,22510,22510 T -> N
hCoV-19/France/IDF-HMN-21022230289/2021|EPI_ISL_1110211|2021-01-29,A,N,22511,22511 A -> N
hCoV-19/France/IDF-HMN-21022230289/2021|EPI_ISL_1110211|2021-01-29,A,N,22512,22512 A -> N
hCoV-19/France/IDF-HMN-21022230289/2021|EPI_ISL_1110211|2021-01-29,C,N,22513,22513 C -> N
hCoV-19/France/IDF-HMN-21022230289/2021|EPI_ISL_1110211|2021-01-29,T,N,22514,22514 T -> N
hCoV-19/France/IDF-HMN-21022230289/2021|EPI_ISL_1110211|2021-01-29,T,N,22515,22515 T -> N
hCoV-19/France/IDF-HMN-21022230289/2021|EPI_ISL_1110211|2021-01-29,T,N,22516,22516 T -> N
hCoV-19/France/IDF-HMN-21022230289/2021|EPI_ISL_1110211|2021-01-29,A,N,22517,22517 A -> N
hCoV-19/France/IDF-HMN-21022230289/2021|EPI_ISL_1110211|2021-01-29,G,N,22518,22518 G -> N
hCoV-19/France/IDF-HMN-21022230289/2021|EPI_ISL_1110211|2021-01-29,A,N,22519,22519 A -> N
hCoV-19/France/IDF-HMN-21022230289/2021|EPI_ISL_1110211|2021-01-29,G,N,22520,22520 G -> N
hCoV-19/France/IDF-HMN-21022230289/2021|EPI_ISL_1110211|2021-01-29,T,C,23010,23010 T -> C
hCoV-19/France/IDF-HMN-21022230289/2021|EPI_ISL_1110211|2021-01-29,A,G,23403,23403 A -> G
hCoV-19/France/IDF-HMN-21022230289/2021|EPI_ISL_1110211|2021-01-29,C,T,23525,23525 C -> T
hCoV-19/France/IDF-HMN-21022230289/2021|EPI_ISL_1110211|2021-01-29,G,A,23567,23567 G -> A
hCoV-19/France/IDF-HMN-21022230289/2021|EPI_ISL_1110211|2021-01-29,A,G,24408,24408 A -> G
hCoV-19/France/IDF-HMN-21022230289/2021|EPI_ISL_1110211|2021-01-29,A,G,25121,25121 A -> G
hCoV-19/France/IDF-HMN-21022230289/2021|EPI_ISL_1110211|2021-01-29,G,T,25563,25563 G -> T
hCoV-19/France/IDF-HMN-21022230289/2021|EPI_ISL_1110211|2021-01-29,T,G,26304,26304 T -> G
hCoV-19/France/IDF-HMN-21022230289/2021|EPI_ISL_1110211|2021-01-29,C,T,26333,26333 C -> T
hCoV-19/France/IDF-HMN-21022230289/2021|EPI_ISL_1110211|2021-01-29,C,T,26895,26895 C -> T
hCoV-19/France/IDF-HMN-21022230289/2021|EPI_ISL_1110211|2021-01-29,C,T,27128,27128 C -> T
hCoV-19/France/IDF-HMN-21022230289/2021|EPI_ISL_1110211|2021-01-29,T,A,27757,27757 T -> A
hCoV-19/France/IDF-HMN-21022230289/2021|EPI_ISL_1110211|2021-01-29,T,C,28297,28297 T -> C
hCoV-19/France/IDF-HMN-21022230289/2021|EPI_ISL_1110211|2021-01-29,C,T,29095,29095 C -> T
hCoV-19/France/IDF-HMN-21022230289/2021|EPI_ISL_1110211|2021-01-29,C,T,29247,29247 C -> T
hCoV-19/France/IDF-HMN-21022230289/2021|EPI_ISL_1110211|2021-01-29,C,T,29580,29580 C -> T
hCoV-19/France/BRE-IPP03921/2021|EPI_ISL_1111064|2021-02-15,C,T,241,241 C -> T
hCoV-19/France/BRE-IPP03921/2021|EPI_ISL_1111064|2021-02-15,C,T,1059,1059 C -> T
hCoV-19/France/BRE-IPP03921/2021|EPI_ISL_1111064|2021-02-15,C,T,1973,1973 C -> T
hCoV-19/France/BRE-IPP03921/2021|EPI_ISL_1111064|2021-02-15,C,T,3037,3037 C -> T
hCoV-19/France/BRE-IPP03921/2021|EPI_ISL_1111064|2021-02-15,A,G,4236,4236 A -> G
hCoV-19/France/BRE-IPP03921/2021|EPI_ISL_1111064|2021-02-15,C,T,5178,5178 C -> T
hCoV-19/France/BRE-IPP03921/2021|EPI_ISL_1111064|2021-02-15,C,T,5884,5884 C -> T
hCoV-19/France/BRE-IPP03921/2021|EPI_ISL_1111064|2021-02-15,C,A,7047,7047 C -> A
hCoV-19/France/BRE-IPP03921/2021|EPI_ISL_1111064|2021-02-15,T,C,9743,9743 T -> C
hCoV-19/France/BRE-IPP03921/2021|EPI_ISL_1111064|2021-02-15,C,T,10252,10252 C -> T
hCoV-19/France/BRE-IPP03921/2021|EPI_ISL_1111064|2021-02-15,C,T,10833,10833 C -> T
hCoV-19/France/BRE-IPP03921/2021|EPI_ISL_1111064|2021-02-15,G,T,11083,11083 G -> T
hCoV-19/France/BRE-IPP03921/2021|EPI_ISL_1111064|2021-02-15,C,T,14408,14408 C -> T
hCoV-19/France/BRE-IPP03921/2021|EPI_ISL_1111064|2021-02-15,A,G,15905,15905 A -> G
hCoV-19/France/BRE-IPP03921/2021|EPI_ISL_1111064|2021-02-15,C,T,18508,18508 C -> T
hCoV-19/France/BRE-IPP03921/2021|EPI_ISL_1111064|2021-02-15,C,T,21077,21077 C -> T
hCoV-19/France/BRE-IPP03921/2021|EPI_ISL_1111064|2021-02-15,A,G,21488,21488 A -> G
hCoV-19/France/BRE-IPP03921/2021|EPI_ISL_1111064|2021-02-15,C,T,21691,21691 C -> T
hCoV-19/France/BRE-IPP03921/2021|EPI_ISL_1111064|2021-02-15,C,G,21758,21758 C -> G
hCoV-19/France/BRE-IPP03921/2021|EPI_ISL_1111064|2021-02-15,G,T,21987,21987 G -> T
hCoV-19/France/BRE-IPP03921/2021|EPI_ISL_1111064|2021-02-15,A,G,22206,22206 A -> G
hCoV-19/France/BRE-IPP03921/2021|EPI_ISL_1111064|2021-02-15,T,C,23010,23010 T -> C
hCoV-19/France/BRE-IPP03921/2021|EPI_ISL_1111064|2021-02-15,A,G,23403,23403 A -> G
hCoV-19/France/BRE-IPP03921/2021|EPI_ISL_1111064|2021-02-15,C,T,23525,23525 C -> T
hCoV-19/France/BRE-IPP03921/2021|EPI_ISL_1111064|2021-02-15,G,A,23567,23567 G -> A
hCoV-19/France/BRE-IPP03921/2021|EPI_ISL_1111064|2021-02-15,A,G,24408,24408 A -> G
hCoV-19/France/BRE-IPP03921/2021|EPI_ISL_1111064|2021-02-15,A,G,25121,25121 A -> G
hCoV-19/France/BRE-IPP03921/2021|EPI_ISL_1111064|2021-02-15,G,T,25563,25563 G -> T
hCoV-19/France/BRE-IPP03921/2021|EPI_ISL_1111064|2021-02-15,T,G,26304,26304 T -> G
hCoV-19/France/BRE-IPP03921/2021|EPI_ISL_1111064|2021-02-15,C,T,26333,26333 C -> T
hCoV-19/France/BRE-IPP03921/2021|EPI_ISL_1111064|2021-02-15,C,T,26895,26895 C -> T
hCoV-19/France/BRE-IPP03921/2021|EPI_ISL_1111064|2021-02-15,C,T,27128,27128 C -> T
hCoV-19/France/BRE-IPP03921/2021|EPI_ISL_1111064|2021-02-15,T,A,27757,27757 T -> A
hCoV-19/France/BRE-IPP03921/2021|EPI_ISL_1111064|2021-02-15,T,C,28297,28297 T -> C
hCoV-19/France/BRE-IPP03921/2021|EPI_ISL_1111064|2021-02-15,C,T,29095,29095 C -> T
hCoV-19/France/BRE-IPP03921/2021|EPI_ISL_1111064|2021-02-15,C,T,29247,29247 C -> T
hCoV-19/France/BRE-IPP03921/2021|EPI_ISL_1111064|2021-02-15,C,T,29580,29580 C -> T
hCoV-19/France/BRE-IPP03808/2021|EPI_ISL_1118892|2021-02-10,C,T,241,241 C -> T
hCoV-19/France/BRE-IPP03808/2021|EPI_ISL_1118892|2021-02-10,C,T,1059,1059 C -> T
hCoV-19/France/BRE-IPP03808/2021|EPI_ISL_1118892|2021-02-10,C,T,1973,1973 C -> T
hCoV-19/France/BRE-IPP03808/2021|EPI_ISL_1118892|2021-02-10,C,T,3037,3037 C -> T
hCoV-19/France/BRE-IPP03808/2021|EPI_ISL_1118892|2021-02-10,A,G,4236,4236 A -> G
hCoV-19/France/BRE-IPP03808/2021|EPI_ISL_1118892|2021-02-10,C,T,5178,5178 C -> T
hCoV-19/France/BRE-IPP03808/2021|EPI_ISL_1118892|2021-02-10,C,T,5884,5884 C -> T
hCoV-19/France/BRE-IPP03808/2021|EPI_ISL_1118892|2021-02-10,C,A,7047,7047 C -> A
hCoV-19/France/BRE-IPP03808/2021|EPI_ISL_1118892|2021-02-10,T,C,9743,9743 T -> C
hCoV-19/France/BRE-IPP03808/2021|EPI_ISL_1118892|2021-02-10,C,T,10252,10252 C -> T
hCoV-19/France/BRE-IPP03808/2021|EPI_ISL_1118892|2021-02-10,G,T,11083,11083 G -> T
hCoV-19/France/BRE-IPP03808/2021|EPI_ISL_1118892|2021-02-10,C,T,14408,14408 C -> T
hCoV-19/France/BRE-IPP03808/2021|EPI_ISL_1118892|2021-02-10,A,G,15905,15905 A -> G
hCoV-19/France/BRE-IPP03808/2021|EPI_ISL_1118892|2021-02-10,C,T,18508,18508 C -> T
hCoV-19/France/BRE-IPP03808/2021|EPI_ISL_1118892|2021-02-10,C,T,21077,21077 C -> T
hCoV-19/France/BRE-IPP03808/2021|EPI_ISL_1118892|2021-02-10,C,T,21302,21302 C -> T
hCoV-19/France/BRE-IPP03808/2021|EPI_ISL_1118892|2021-02-10,C,A,21304,21304 C -> A
hCoV-19/France/BRE-IPP03808/2021|EPI_ISL_1118892|2021-02-10,G,A,21305,21305 G -> A
hCoV-19/France/BRE-IPP03808/2021|EPI_ISL_1118892|2021-02-10,A,G,21488,21488 A -> G
hCoV-19/France/BRE-IPP03808/2021|EPI_ISL_1118892|2021-02-10,C,T,21691,21691 C -> T
hCoV-19/France/BRE-IPP03808/2021|EPI_ISL_1118892|2021-02-10,C,G,21758,21758 C -> G
hCoV-19/France/BRE-IPP03808/2021|EPI_ISL_1118892|2021-02-10,G,T,21987,21987 G -> T
hCoV-19/France/BRE-IPP03808/2021|EPI_ISL_1118892|2021-02-10,A,G,22206,22206 A -> G
hCoV-19/France/BRE-IPP03808/2021|EPI_ISL_1118892|2021-02-10,T,C,23010,23010 T -> C
hCoV-19/France/BRE-IPP03808/2021|EPI_ISL_1118892|2021-02-10,A,G,23403,23403 A -> G
hCoV-19/France/BRE-IPP03808/2021|EPI_ISL_1118892|2021-02-10,C,T,23525,23525 C -> T
hCoV-19/France/BRE-IPP03808/2021|EPI_ISL_1118892|2021-02-10,G,A,23567,23567 G -> A
hCoV-19/France/BRE-IPP03808/2021|EPI_ISL_1118892|2021-02-10,A,G,24408,24408 A -> G
hCoV-19/France/BRE-IPP03808/2021|EPI_ISL_1118892|2021-02-10,A,G,25121,25121 A -> G
hCoV-19/France/BRE-IPP03808/2021|EPI_ISL_1118892|2021-02-10,G,T,25563,25563 G -> T
hCoV-19/France/BRE-IPP03808/2021|EPI_ISL_1118892|2021-02-10,T,G,26304,26304 T -> G
hCoV-19/France/BRE-IPP03808/2021|EPI_ISL_1118892|2021-02-10,C,T,26333,26333 C -> T
hCoV-19/France/BRE-IPP03808/2021|EPI_ISL_1118892|2021-02-10,C,T,26895,26895 C -> T
hCoV-19/France/BRE-IPP03808/2021|EPI_ISL_1118892|2021-02-10,C,T,27128,27128 C -> T
hCoV-19/France/BRE-IPP03808/2021|EPI_ISL_1118892|2021-02-10,T,A,27757,27757 T -> A
hCoV-19/France/BRE-IPP03808/2021|EPI_ISL_1118892|2021-02-10,T,C,28297,28297 T -> C
hCoV-19/France/BRE-IPP03808/2021|EPI_ISL_1118892|2021-02-10,C,T,29095,29095 C -> T
hCoV-19/France/BRE-IPP03808/2021|EPI_ISL_1118892|2021-02-10,C,T,29247,29247 C -> T
hCoV-19/France/BRE-IPP03808/2021|EPI_ISL_1118892|2021-02-10,C,T,29580,29580 C -> T
hCoV-19/France/BRE-IPP03809/2021|EPI_ISL_1118893|2021-02-10,C,T,241,241 C -> T
hCoV-19/France/BRE-IPP03809/2021|EPI_ISL_1118893|2021-02-10,C,T,1059,1059 C -> T
hCoV-19/France/BRE-IPP03809/2021|EPI_ISL_1118893|2021-02-10,C,T,1973,1973 C -> T
hCoV-19/France/BRE-IPP03809/2021|EPI_ISL_1118893|2021-02-10,C,T,3037,3037 C -> T
hCoV-19/France/BRE-IPP03809/2021|EPI_ISL_1118893|2021-02-10,A,G,4236,4236 A -> G
hCoV-19/France/BRE-IPP03809/2021|EPI_ISL_1118893|2021-02-10,C,T,5178,5178 C -> T
hCoV-19/France/BRE-IPP03809/2021|EPI_ISL_1118893|2021-02-10,C,T,5884,5884 C -> T
hCoV-19/France/BRE-IPP03809/2021|EPI_ISL_1118893|2021-02-10,T,N,5952,5952 T -> N
hCoV-19/France/BRE-IPP03809/2021|EPI_ISL_1118893|2021-02-10,G,N,5953,5953 G -> N
hCoV-19/France/BRE-IPP03809/2021|EPI_ISL_1118893|2021-02-10,G,N,5954,5954 G -> N
hCoV-19/France/BRE-IPP03809/2021|EPI_ISL_1118893|2021-02-10,A,N,5955,5955 A -> N
hCoV-19/France/BRE-IPP03809/2021|EPI_ISL_1118893|2021-02-10,C,N,5956,5956 C -> N
hCoV-19/France/BRE-IPP03809/2021|EPI_ISL_1118893|2021-02-10,A,N,5957,5957 A -> N
hCoV-19/France/BRE-IPP03809/2021|EPI_ISL_1118893|2021-02-10,A,N,5958,5958 A -> N
hCoV-19/France/BRE-IPP03809/2021|EPI_ISL_1118893|2021-02-10,T,N,5959,5959 T -> N
hCoV-19/France/BRE-IPP03809/2021|EPI_ISL_1118893|2021-02-10,T,N,5960,5960 T -> N
hCoV-19/France/BRE-IPP03809/2021|EPI_ISL_1118893|2021-02-10,A,N,5961,5961 A -> N
hCoV-19/France/BRE-IPP03809/2021|EPI_ISL_1118893|2021-02-10,T,N,5962,5962 T -> N
hCoV-19/France/BRE-IPP03809/2021|EPI_ISL_1118893|2021-02-10,T,N,5963,5963 T -> N
hCoV-19/France/BRE-IPP03809/2021|EPI_ISL_1118893|2021-02-10,A,N,5964,5964 A -> N
hCoV-19/France/BRE-IPP03809/2021|EPI_ISL_1118893|2021-02-10,T,N,5965,5965 T -> N
hCoV-19/France/BRE-IPP03809/2021|EPI_ISL_1118893|2021-02-10,A,N,5966,5966 A -> N
hCoV-19/France/BRE-IPP03809/2021|EPI_ISL_1118893|2021-02-10,A,N,5967,5967 A -> N
hCoV-19/France/BRE-IPP03809/2021|EPI_ISL_1118893|2021-02-10,G,N,5968,5968 G -> N
hCoV-19/France/BRE-IPP03809/2021|EPI_ISL_1118893|2021-02-10,A,N,5969,5969 A -> N
hCoV-19/France/BRE-IPP03809/2021|EPI_ISL_1118893|2021-02-10,A,N,5970,5970 A -> N
hCoV-19/France/BRE-IPP03809/2021|EPI_ISL_1118893|2021-02-10,A,N,5971,5971 A -> N
hCoV-19/France/BRE-IPP03809/2021|EPI_ISL_1118893|2021-02-10,G,N,5972,5972 G -> N
hCoV-19/France/BRE-IPP03809/2021|EPI_ISL_1118893|2021-02-10,A,N,5973,5973 A -> N
hCoV-19/France/BRE-IPP03809/2021|EPI_ISL_1118893|2021-02-10,C,N,5974,5974 C -> N
hCoV-19/France/BRE-IPP03809/2021|EPI_ISL_1118893|2021-02-10,A,N,5975,5975 A -> N
hCoV-19/France/BRE-IPP03809/2021|EPI_ISL_1118893|2021-02-10,A,N,5976,5976 A -> N
hCoV-19/France/BRE-IPP03809/2021|EPI_ISL_1118893|2021-02-10,T,N,5977,5977 T -> N
hCoV-19/France/BRE-IPP03809/2021|EPI_ISL_1118893|2021-02-10,T,N,5978,5978 T -> N
hCoV-19/France/BRE-IPP03809/2021|EPI_ISL_1118893|2021-02-10,C,N,5979,5979 C -> N
hCoV-19/France/BRE-IPP03809/2021|EPI_ISL_1118893|2021-02-10,T,N,5980,5980 T -> N
hCoV-19/France/BRE-IPP03809/2021|EPI_ISL_1118893|2021-02-10,T,N,5981,5981 T -> N
hCoV-19/France/BRE-IPP03809/2021|EPI_ISL_1118893|2021-02-10,A,N,5982,5982 A -> N
hCoV-19/France/BRE-IPP03809/2021|EPI_ISL_1118893|2021-02-10,T,N,5983,5983 T -> N
hCoV-19/France/BRE-IPP03809/2021|EPI_ISL_1118893|2021-02-10,T,N,5984,5984 T -> N
hCoV-19/France/BRE-IPP03809/2021|EPI_ISL_1118893|2021-02-10,T,N,5985,5985 T -> N
hCoV-19/France/BRE-IPP03809/2021|EPI_ISL_1118893|2021-02-10,C,N,5986,5986 C -> N
hCoV-19/France/BRE-IPP03809/2021|EPI_ISL_1118893|2021-02-10,A,N,5987,5987 A -> N
hCoV-19/France/BRE-IPP03809/2021|EPI_ISL_1118893|2021-02-10,C,N,5988,5988 C -> N
hCoV-19/France/BRE-IPP03809/2021|EPI_ISL_1118893|2021-02-10,A,N,5989,5989 A -> N
hCoV-19/France/BRE-IPP03809/2021|EPI_ISL_1118893|2021-02-10,G,N,5990,5990 G -> N
hCoV-19/France/BRE-IPP03809/2021|EPI_ISL_1118893|2021-02-10,A,N,5991,5991 A -> N
hCoV-19/France/BRE-IPP03809/2021|EPI_ISL_1118893|2021-02-10,G,N,5992,5992 G -> N
hCoV-19/France/BRE-IPP03809/2021|EPI_ISL_1118893|2021-02-10,C,N,5993,5993 C -> N
hCoV-19/France/BRE-IPP03809/2021|EPI_ISL_1118893|2021-02-10,A,N,5994,5994 A -> N
hCoV-19/France/BRE-IPP03809/2021|EPI_ISL_1118893|2021-02-10,A,N,5995,5995 A -> N
hCoV-19/France/BRE-IPP03809/2021|EPI_ISL_1118893|2021-02-10,C,N,5996,5996 C -> N
hCoV-19/France/BRE-IPP03809/2021|EPI_ISL_1118893|2021-02-10,C,N,5997,5997 C -> N
hCoV-19/France/BRE-IPP03809/2021|EPI_ISL_1118893|2021-02-10,A,N,5998,5998 A -> N
hCoV-19/France/BRE-IPP03809/2021|EPI_ISL_1118893|2021-02-10,A,N,5999,5999 A -> N
hCoV-19/France/BRE-IPP03809/2021|EPI_ISL_1118893|2021-02-10,T,N,6000,6000 T -> N
hCoV-19/France/BRE-IPP03809/2021|EPI_ISL_1118893|2021-02-10,T,N,6001,6001 T -> N
hCoV-19/France/BRE-IPP03809/2021|EPI_ISL_1118893|2021-02-10,G,N,6002,6002 G -> N
hCoV-19/France/BRE-IPP03809/2021|EPI_ISL_1118893|2021-02-10,A,N,6003,6003 A -> N
hCoV-19/France/BRE-IPP03809/2021|EPI_ISL_1118893|2021-02-10,T,N,6004,6004 T -> N
hCoV-19/France/BRE-IPP03809/2021|EPI_ISL_1118893|2021-02-10,C,N,6005,6005 C -> N
hCoV-19/France/BRE-IPP03809/2021|EPI_ISL_1118893|2021-02-10,T,N,6006,6006 T -> N
hCoV-19/France/BRE-IPP03809/2021|EPI_ISL_1118893|2021-02-10,T,N,6007,6007 T -> N
hCoV-19/France/BRE-IPP03809/2021|EPI_ISL_1118893|2021-02-10,G,N,6008,6008 G -> N
hCoV-19/France/BRE-IPP03809/2021|EPI_ISL_1118893|2021-02-10,T,N,6009,6009 T -> N
hCoV-19/France/BRE-IPP03809/2021|EPI_ISL_1118893|2021-02-10,A,N,6010,6010 A -> N
hCoV-19/France/BRE-IPP03809/2021|EPI_ISL_1118893|2021-02-10,C,N,6011,6011 C -> N
hCoV-19/France/BRE-IPP03809/2021|EPI_ISL_1118893|2021-02-10,C,N,6012,6012 C -> N
hCoV-19/France/BRE-IPP03809/2021|EPI_ISL_1118893|2021-02-10,A,N,6013,6013 A -> N
hCoV-19/France/BRE-IPP03809/2021|EPI_ISL_1118893|2021-02-10,A,N,6014,6014 A -> N
hCoV-19/France/BRE-IPP03809/2021|EPI_ISL_1118893|2021-02-10,A,N,6015,6015 A -> N
hCoV-19/France/BRE-IPP03809/2021|EPI_ISL_1118893|2021-02-10,C,N,6016,6016 C -> N
hCoV-19/France/BRE-IPP03809/2021|EPI_ISL_1118893|2021-02-10,C,N,6017,6017 C -> N
hCoV-19/France/BRE-IPP03809/2021|EPI_ISL_1118893|2021-02-10,A,N,6018,6018 A -> N
hCoV-19/France/BRE-IPP03809/2021|EPI_ISL_1118893|2021-02-10,A,N,6019,6019 A -> N
hCoV-19/France/BRE-IPP03809/2021|EPI_ISL_1118893|2021-02-10,C,N,6020,6020 C -> N
hCoV-19/France/BRE-IPP03809/2021|EPI_ISL_1118893|2021-02-10,C,N,6021,6021 C -> N
hCoV-19/France/BRE-IPP03809/2021|EPI_ISL_1118893|2021-02-10,A,N,6022,6022 A -> N
hCoV-19/France/BRE-IPP03809/2021|EPI_ISL_1118893|2021-02-10,T,N,6023,6023 T -> N
hCoV-19/France/BRE-IPP03809/2021|EPI_ISL_1118893|2021-02-10,A,N,6024,6024 A -> N
hCoV-19/France/BRE-IPP03809/2021|EPI_ISL_1118893|2021-02-10,T,N,6025,6025 T -> N
hCoV-19/France/BRE-IPP03809/2021|EPI_ISL_1118893|2021-02-10,C,N,6026,6026 C -> N
hCoV-19/France/BRE-IPP03809/2021|EPI_ISL_1118893|2021-02-10,C,N,6027,6027 C -> N
hCoV-19/France/BRE-IPP03809/2021|EPI_ISL_1118893|2021-02-10,A,N,6028,6028 A -> N
hCoV-19/France/BRE-IPP03809/2021|EPI_ISL_1118893|2021-02-10,A,N,6029,6029 A -> N
hCoV-19/France/BRE-IPP03809/2021|EPI_ISL_1118893|2021-02-10,A,N,6030,6030 A -> N
hCoV-19/France/BRE-IPP03809/2021|EPI_ISL_1118893|2021-02-10,C,N,6031,6031 C -> N
hCoV-19/France/BRE-IPP03809/2021|EPI_ISL_1118893|2021-02-10,G,N,6032,6032 G -> N
hCoV-19/France/BRE-IPP03809/2021|EPI_ISL_1118893|2021-02-10,C,N,6033,6033 C -> N
hCoV-19/France/BRE-IPP03809/2021|EPI_ISL_1118893|2021-02-10,A,N,6034,6034 A -> N
hCoV-19/France/BRE-IPP03809/2021|EPI_ISL_1118893|2021-02-10,A,N,6035,6035 A -> N
hCoV-19/France/BRE-IPP03809/2021|EPI_ISL_1118893|2021-02-10,G,N,6036,6036 G -> N
hCoV-19/France/BRE-IPP03809/2021|EPI_ISL_1118893|2021-02-10,C,N,6037,6037 C -> N
hCoV-19/France/BRE-IPP03809/2021|EPI_ISL_1118893|2021-02-10,T,N,6038,6038 T -> N
hCoV-19/France/BRE-IPP03809/2021|EPI_ISL_1118893|2021-02-10,T,N,6039,6039 T -> N
hCoV-19/France/BRE-IPP03809/2021|EPI_ISL_1118893|2021-02-10,C,N,6040,6040 C -> N
hCoV-19/France/BRE-IPP03809/2021|EPI_ISL_1118893|2021-02-10,G,N,6041,6041 G -> N
hCoV-19/France/BRE-IPP03809/2021|EPI_ISL_1118893|2021-02-10,A,N,6042,6042 A -> N
hCoV-19/France/BRE-IPP03809/2021|EPI_ISL_1118893|2021-02-10,T,N,6043,6043 T -> N
hCoV-19/France/BRE-IPP03809/2021|EPI_ISL_1118893|2021-02-10,A,N,6044,6044 A -> N
hCoV-19/France/BRE-IPP03809/2021|EPI_ISL_1118893|2021-02-10,A,N,6045,6045 A -> N
hCoV-19/France/BRE-IPP03809/2021|EPI_ISL_1118893|2021-02-10,T,N,6046,6046 T -> N
hCoV-19/France/BRE-IPP03809/2021|EPI_ISL_1118893|2021-02-10,T,N,6047,6047 T -> N
hCoV-19/France/BRE-IPP03809/2021|EPI_ISL_1118893|2021-02-10,T,N,6048,6048 T -> N
hCoV-19/France/BRE-IPP03809/2021|EPI_ISL_1118893|2021-02-10,T,N,6049,6049 T -> N
hCoV-19/France/BRE-IPP03809/2021|EPI_ISL_1118893|2021-02-10,A,N,6050,6050 A -> N
hCoV-19/France/BRE-IPP03809/2021|EPI_ISL_1118893|2021-02-10,A,N,6051,6051 A -> N
hCoV-19/France/BRE-IPP03809/2021|EPI_ISL_1118893|2021-02-10,G,N,6052,6052 G -> N
hCoV-19/France/BRE-IPP03809/2021|EPI_ISL_1118893|2021-02-10,T,N,6053,6053 T -> N
hCoV-19/France/BRE-IPP03809/2021|EPI_ISL_1118893|2021-02-10,T,N,6054,6054 T -> N
hCoV-19/France/BRE-IPP03809/2021|EPI_ISL_1118893|2021-02-10,T,N,6055,6055 T -> N
hCoV-19/France/BRE-IPP03809/2021|EPI_ISL_1118893|2021-02-10,G,N,6056,6056 G -> N
hCoV-19/France/BRE-IPP03809/2021|EPI_ISL_1118893|2021-02-10,T,N,6057,6057 T -> N
hCoV-19/France/BRE-IPP03809/2021|EPI_ISL_1118893|2021-02-10,A,N,6058,6058 A -> N
hCoV-19/France/BRE-IPP03809/2021|EPI_ISL_1118893|2021-02-10,T,N,6059,6059 T -> N
hCoV-19/France/BRE-IPP03809/2021|EPI_ISL_1118893|2021-02-10,G,N,6060,6060 G -> N
hCoV-19/France/BRE-IPP03809/2021|EPI_ISL_1118893|2021-02-10,T,N,6061,6061 T -> N
hCoV-19/France/BRE-IPP03809/2021|EPI_ISL_1118893|2021-02-10,G,N,6062,6062 G -> N
hCoV-19/France/BRE-IPP03809/2021|EPI_ISL_1118893|2021-02-10,A,N,6063,6063 A -> N
hCoV-19/France/BRE-IPP03809/2021|EPI_ISL_1118893|2021-02-10,T,N,6064,6064 T -> N
hCoV-19/France/BRE-IPP03809/2021|EPI_ISL_1118893|2021-02-10,A,N,6065,6065 A -> N
hCoV-19/France/BRE-IPP03809/2021|EPI_ISL_1118893|2021-02-10,A,N,6066,6066 A -> N
hCoV-19/France/BRE-IPP03809/2021|EPI_ISL_1118893|2021-02-10,T,N,6067,6067 T -> N
hCoV-19/France/BRE-IPP03809/2021|EPI_ISL_1118893|2021-02-10,A,N,6068,6068 A -> N
hCoV-19/France/BRE-IPP03809/2021|EPI_ISL_1118893|2021-02-10,T,N,6069,6069 T -> N
hCoV-19/France/BRE-IPP03809/2021|EPI_ISL_1118893|2021-02-10,C,N,6070,6070 C -> N
hCoV-19/France/BRE-IPP03809/2021|EPI_ISL_1118893|2021-02-10,A,N,6071,6071 A -> N
hCoV-19/France/BRE-IPP03809/2021|EPI_ISL_1118893|2021-02-10,A,N,6072,6072 A -> N
hCoV-19/France/BRE-IPP03809/2021|EPI_ISL_1118893|2021-02-10,A,N,6073,6073 A -> N
hCoV-19/France/BRE-IPP03809/2021|EPI_ISL_1118893|2021-02-10,T,N,6074,6074 T -> N
hCoV-19/France/BRE-IPP03809/2021|EPI_ISL_1118893|2021-02-10,T,N,6075,6075 T -> N
hCoV-19/France/BRE-IPP03809/2021|EPI_ISL_1118893|2021-02-10,T,N,6076,6076 T -> N
hCoV-19/France/BRE-IPP03809/2021|EPI_ISL_1118893|2021-02-10,G,N,6077,6077 G -> N
hCoV-19/France/BRE-IPP03809/2021|EPI_ISL_1118893|2021-02-10,C,N,6078,6078 C -> N
hCoV-19/France/BRE-IPP03809/2021|EPI_ISL_1118893|2021-02-10,T,N,6079,6079 T -> N
hCoV-19/France/BRE-IPP03809/2021|EPI_ISL_1118893|2021-02-10,G,N,6080,6080 G -> N
hCoV-19/France/BRE-IPP03809/2021|EPI_ISL_1118893|2021-02-10,A,N,6081,6081 A -> N
hCoV-19/France/BRE-IPP03809/2021|EPI_ISL_1118893|2021-02-10,T,N,6082,6082 T -> N
hCoV-19/France/BRE-IPP03809/2021|EPI_ISL_1118893|2021-02-10,G,N,6083,6083 G -> N
hCoV-19/France/BRE-IPP03809/2021|EPI_ISL_1118893|2021-02-10,A,N,6084,6084 A -> N
hCoV-19/France/BRE-IPP03809/2021|EPI_ISL_1118893|2021-02-10,T,N,6085,6085 T -> N
hCoV-19/France/BRE-IPP03809/2021|EPI_ISL_1118893|2021-02-10,T,N,6086,6086 T -> N
hCoV-19/France/BRE-IPP03809/2021|EPI_ISL_1118893|2021-02-10,T,N,6087,6087 T -> N
hCoV-19/France/BRE-IPP03809/2021|EPI_ISL_1118893|2021-02-10,A,N,6088,6088 A -> N
hCoV-19/France/BRE-IPP03809/2021|EPI_ISL_1118893|2021-02-10,A,N,6089,6089 A -> N
hCoV-19/France/BRE-IPP03809/2021|EPI_ISL_1118893|2021-02-10,A,N,6090,6090 A -> N
hCoV-19/France/BRE-IPP03809/2021|EPI_ISL_1118893|2021-02-10,C,N,6091,6091 C -> N
hCoV-19/France/BRE-IPP03809/2021|EPI_ISL_1118893|2021-02-10,C,N,6092,6092 C -> N
hCoV-19/France/BRE-IPP03809/2021|EPI_ISL_1118893|2021-02-10,A,N,6093,6093 A -> N
hCoV-19/France/BRE-IPP03809/2021|EPI_ISL_1118893|2021-02-10,G,N,6094,6094 G -> N
hCoV-19/France/BRE-IPP03809/2021|EPI_ISL_1118893|2021-02-10,T,N,6095,6095 T -> N
hCoV-19/France/BRE-IPP03809/2021|EPI_ISL_1118893|2021-02-10,T,N,6096,6096 T -> N
hCoV-19/France/BRE-IPP03809/2021|EPI_ISL_1118893|2021-02-10,A,N,6097,6097 A -> N
hCoV-19/France/BRE-IPP03809/2021|EPI_ISL_1118893|2021-02-10,A,N,6098,6098 A -> N
hCoV-19/France/BRE-IPP03809/2021|EPI_ISL_1118893|2021-02-10,C,N,6099,6099 C -> N
hCoV-19/France/BRE-IPP03809/2021|EPI_ISL_1118893|2021-02-10,T,N,6100,6100 T -> N
hCoV-19/France/BRE-IPP03809/2021|EPI_ISL_1118893|2021-02-10,G,N,6101,6101 G -> N
hCoV-19/France/BRE-IPP03809/2021|EPI_ISL_1118893|2021-02-10,G,N,6102,6102 G -> N
hCoV-19/France/BRE-IPP03809/2021|EPI_ISL_1118893|2021-02-10,T,N,6103,6103 T -> N
hCoV-19/France/BRE-IPP03809/2021|EPI_ISL_1118893|2021-02-10,T,N,6104,6104 T -> N
hCoV-19/France/BRE-IPP03809/2021|EPI_ISL_1118893|2021-02-10,A,N,6105,6105 A -> N
hCoV-19/France/BRE-IPP03809/2021|EPI_ISL_1118893|2021-02-10,T,N,6106,6106 T -> N
hCoV-19/France/BRE-IPP03809/2021|EPI_ISL_1118893|2021-02-10,A,N,6107,6107 A -> N
hCoV-19/France/BRE-IPP03809/2021|EPI_ISL_1118893|2021-02-10,A,N,6108,6108 A -> N
hCoV-19/France/BRE-IPP03809/2021|EPI_ISL_1118893|2021-02-10,G,N,6109,6109 G -> N
hCoV-19/France/BRE-IPP03809/2021|EPI_ISL_1118893|2021-02-10,A,N,6110,6110 A -> N
hCoV-19/France/BRE-IPP03809/2021|EPI_ISL_1118893|2021-02-10,A,N,6111,6111 A -> N
hCoV-19/France/BRE-IPP03809/2021|EPI_ISL_1118893|2021-02-10,A,N,6112,6112 A -> N
hCoV-19/France/BRE-IPP03809/2021|EPI_ISL_1118893|2021-02-10,C,N,6113,6113 C -> N
hCoV-19/France/BRE-IPP03809/2021|EPI_ISL_1118893|2021-02-10,C,N,6114,6114 C -> N
hCoV-19/France/BRE-IPP03809/2021|EPI_ISL_1118893|2021-02-10,T,N,6115,6115 T -> N
hCoV-19/France/BRE-IPP03809/2021|EPI_ISL_1118893|2021-02-10,G,N,6116,6116 G -> N
hCoV-19/France/BRE-IPP03809/2021|EPI_ISL_1118893|2021-02-10,C,N,6117,6117 C -> N
hCoV-19/France/BRE-IPP03809/2021|EPI_ISL_1118893|2021-02-10,T,N,6118,6118 T -> N
hCoV-19/France/BRE-IPP03809/2021|EPI_ISL_1118893|2021-02-10,T,N,6119,6119 T -> N
hCoV-19/France/BRE-IPP03809/2021|EPI_ISL_1118893|2021-02-10,C,N,6120,6120 C -> N
hCoV-19/France/BRE-IPP03809/2021|EPI_ISL_1118893|2021-02-10,A,N,6121,6121 A -> N
hCoV-19/France/BRE-IPP03809/2021|EPI_ISL_1118893|2021-02-10,A,N,6122,6122 A -> N
hCoV-19/France/BRE-IPP03809/2021|EPI_ISL_1118893|2021-02-10,G,N,6123,6123 G -> N
hCoV-19/France/BRE-IPP03809/2021|EPI_ISL_1118893|2021-02-10,A,N,6124,6124 A -> N
hCoV-19/France/BRE-IPP03809/2021|EPI_ISL_1118893|2021-02-10,G,N,6125,6125 G -> N
hCoV-19/France/BRE-IPP03809/2021|EPI_ISL_1118893|2021-02-10,A,N,6126,6126 A -> N
hCoV-19/France/BRE-IPP03809/2021|EPI_ISL_1118893|2021-02-10,G,N,6127,6127 G -> N
hCoV-19/France/BRE-IPP03809/2021|EPI_ISL_1118893|2021-02-10,C,N,6128,6128 C -> N
hCoV-19/France/BRE-IPP03809/2021|EPI_ISL_1118893|2021-02-10,T,N,6129,6129 T -> N
hCoV-19/France/BRE-IPP03809/2021|EPI_ISL_1118893|2021-02-10,T,N,6130,6130 T -> N
hCoV-19/France/BRE-IPP03809/2021|EPI_ISL_1118893|2021-02-10,A,N,6131,6131 A -> N
hCoV-19/France/BRE-IPP03809/2021|EPI_ISL_1118893|2021-02-10,A,N,6132,6132 A -> N
hCoV-19/France/BRE-IPP03809/2021|EPI_ISL_1118893|2021-02-10,A,N,6133,6133 A -> N
hCoV-19/France/BRE-IPP03809/2021|EPI_ISL_1118893|2021-02-10,G,N,6134,6134 G -> N
hCoV-19/France/BRE-IPP03809/2021|EPI_ISL_1118893|2021-02-10,T,N,6135,6135 T -> N
hCoV-19/France/BRE-IPP03809/2021|EPI_ISL_1118893|2021-02-10,T,N,6136,6136 T -> N
hCoV-19/France/BRE-IPP03809/2021|EPI_ISL_1118893|2021-02-10,A,N,6137,6137 A -> N
hCoV-19/France/BRE-IPP03809/2021|EPI_ISL_1118893|2021-02-10,C,N,6138,6138 C -> N
hCoV-19/France/BRE-IPP03809/2021|EPI_ISL_1118893|2021-02-10,A,N,6139,6139 A -> N
hCoV-19/France/BRE-IPP03809/2021|EPI_ISL_1118893|2021-02-10,T,N,6140,6140 T -> N
hCoV-19/France/BRE-IPP03809/2021|EPI_ISL_1118893|2021-02-10,T,N,6141,6141 T -> N
hCoV-19/France/BRE-IPP03809/2021|EPI_ISL_1118893|2021-02-10,T,N,6142,6142 T -> N
hCoV-19/France/BRE-IPP03809/2021|EPI_ISL_1118893|2021-02-10,T,N,6143,6143 T -> N
hCoV-19/France/BRE-IPP03809/2021|EPI_ISL_1118893|2021-02-10,T,N,6144,6144 T -> N
hCoV-19/France/BRE-IPP03809/2021|EPI_ISL_1118893|2021-02-10,C,N,6145,6145 C -> N
hCoV-19/France/BRE-IPP03809/2021|EPI_ISL_1118893|2021-02-10,C,N,6146,6146 C -> N
hCoV-19/France/BRE-IPP03809/2021|EPI_ISL_1118893|2021-02-10,C,N,6147,6147 C -> N
hCoV-19/France/BRE-IPP03809/2021|EPI_ISL_1118893|2021-02-10,T,N,6148,6148 T -> N
hCoV-19/France/BRE-IPP03809/2021|EPI_ISL_1118893|2021-02-10,G,N,6149,6149 G -> N
hCoV-19/France/BRE-IPP03809/2021|EPI_ISL_1118893|2021-02-10,A,N,6150,6150 A -> N
hCoV-19/France/BRE-IPP03809/2021|EPI_ISL_1118893|2021-02-10,C,N,6151,6151 C -> N
hCoV-19/France/BRE-IPP03809/2021|EPI_ISL_1118893|2021-02-10,T,N,6152,6152 T -> N
hCoV-19/France/BRE-IPP03809/2021|EPI_ISL_1118893|2021-02-10,T,N,6153,6153 T -> N
hCoV-19/France/BRE-IPP03809/2021|EPI_ISL_1118893|2021-02-10,A,N,6154,6154 A -> N
hCoV-19/France/BRE-IPP03809/2021|EPI_ISL_1118893|2021-02-10,A,N,6155,6155 A -> N
hCoV-19/France/BRE-IPP03809/2021|EPI_ISL_1118893|2021-02-10,A,N,6156,6156 A -> N
hCoV-19/France/BRE-IPP03809/2021|EPI_ISL_1118893|2021-02-10,T,N,6157,6157 T -> N
hCoV-19/France/BRE-IPP03809/2021|EPI_ISL_1118893|2021-02-10,G,N,6158,6158 G -> N
hCoV-19/France/BRE-IPP03809/2021|EPI_ISL_1118893|2021-02-10,G,N,6159,6159 G -> N
hCoV-19/France/BRE-IPP03809/2021|EPI_ISL_1118893|2021-02-10,T,N,6160,6160 T -> N
hCoV-19/France/BRE-IPP03809/2021|EPI_ISL_1118893|2021-02-10,G,N,6161,6161 G -> N
hCoV-19/France/BRE-IPP03809/2021|EPI_ISL_1118893|2021-02-10,A,N,6162,6162 A -> N
hCoV-19/France/BRE-IPP03809/2021|EPI_ISL_1118893|2021-02-10,T,N,6163,6163 T -> N
hCoV-19/France/BRE-IPP03809/2021|EPI_ISL_1118893|2021-02-10,G,N,6164,6164 G -> N
hCoV-19/France/BRE-IPP03809/2021|EPI_ISL_1118893|2021-02-10,T,N,6165,6165 T -> N
hCoV-19/France/BRE-IPP03809/2021|EPI_ISL_1118893|2021-02-10,G,N,6166,6166 G -> N
hCoV-19/France/BRE-IPP03809/2021|EPI_ISL_1118893|2021-02-10,G,N,6167,6167 G -> N
hCoV-19/France/BRE-IPP03809/2021|EPI_ISL_1118893|2021-02-10,T,N,6168,6168 T -> N
hCoV-19/France/BRE-IPP03809/2021|EPI_ISL_1118893|2021-02-10,G,N,6169,6169 G -> N
hCoV-19/France/BRE-IPP03809/2021|EPI_ISL_1118893|2021-02-10,G,N,6170,6170 G -> N
hCoV-19/France/BRE-IPP03809/2021|EPI_ISL_1118893|2021-02-10,C,N,6171,6171 C -> N
hCoV-19/France/BRE-IPP03809/2021|EPI_ISL_1118893|2021-02-10,T,N,6172,6172 T -> N
hCoV-19/France/BRE-IPP03809/2021|EPI_ISL_1118893|2021-02-10,A,N,6173,6173 A -> N
hCoV-19/France/BRE-IPP03809/2021|EPI_ISL_1118893|2021-02-10,T,N,6174,6174 T -> N
hCoV-19/France/BRE-IPP03809/2021|EPI_ISL_1118893|2021-02-10,T,N,6175,6175 T -> N
hCoV-19/France/BRE-IPP03809/2021|EPI_ISL_1118893|2021-02-10,G,N,6176,6176 G -> N
hCoV-19/France/BRE-IPP03809/2021|EPI_ISL_1118893|2021-02-10,A,N,6177,6177 A -> N
hCoV-19/France/BRE-IPP03809/2021|EPI_ISL_1118893|2021-02-10,C,A,7047,7047 C -> A
hCoV-19/France/BRE-IPP03809/2021|EPI_ISL_1118893|2021-02-10,C,N,8650,8650 C -> N
hCoV-19/France/BRE-IPP03809/2021|EPI_ISL_1118893|2021-02-10,A,N,8651,8651 A -> N
hCoV-19/France/BRE-IPP03809/2021|EPI_ISL_1118893|2021-02-10,T,N,8652,8652 T -> N
hCoV-19/France/BRE-IPP03809/2021|EPI_ISL_1118893|2021-02-10,G,N,8653,8653 G -> N
hCoV-19/France/BRE-IPP03809/2021|EPI_ISL_1118893|2021-02-10,T,N,8654,8654 T -> N
hCoV-19/France/BRE-IPP03809/2021|EPI_ISL_1118893|2021-02-10,C,N,8655,8655 C -> N
hCoV-19/France/BRE-IPP03809/2021|EPI_ISL_1118893|2021-02-10,T,N,8656,8656 T -> N
hCoV-19/France/BRE-IPP03809/2021|EPI_ISL_1118893|2021-02-10,A,N,8657,8657 A -> N
hCoV-19/France/BRE-IPP03809/2021|EPI_ISL_1118893|2021-02-10,A,N,8658,8658 A -> N
hCoV-19/France/BRE-IPP03809/2021|EPI_ISL_1118893|2021-02-10,A,N,8659,8659 A -> N
hCoV-19/France/BRE-IPP03809/2021|EPI_ISL_1118893|2021-02-10,C,N,8660,8660 C -> N
hCoV-19/France/BRE-IPP03809/2021|EPI_ISL_1118893|2021-02-10,A,N,8661,8661 A -> N
hCoV-19/France/BRE-IPP03809/2021|EPI_ISL_1118893|2021-02-10,T,N,8662,8662 T -> N
hCoV-19/France/BRE-IPP03809/2021|EPI_ISL_1118893|2021-02-10,A,N,8663,8663 A -> N
hCoV-19/France/BRE-IPP03809/2021|EPI_ISL_1118893|2021-02-10,C,N,8664,8664 C -> N
hCoV-19/France/BRE-IPP03809/2021|EPI_ISL_1118893|2021-02-10,T,N,8665,8665 T -> N
hCoV-19/France/BRE-IPP03809/2021|EPI_ISL_1118893|2021-02-10,G,N,8666,8666 G -> N
hCoV-19/France/BRE-IPP03809/2021|EPI_ISL_1118893|2021-02-10,A,N,8667,8667 A -> N
hCoV-19/France/BRE-IPP03809/2021|EPI_ISL_1118893|2021-02-10,C,N,8668,8668 C -> N
hCoV-19/France/BRE-IPP03809/2021|EPI_ISL_1118893|2021-02-10,T,N,8669,8669 T -> N
hCoV-19/France/BRE-IPP03809/2021|EPI_ISL_1118893|2021-02-10,T,N,8670,8670 T -> N
hCoV-19/France/BRE-IPP03809/2021|EPI_ISL_1118893|2021-02-10,T,N,8671,8671 T -> N
hCoV-19/France/BRE-IPP03809/2021|EPI_ISL_1118893|2021-02-10,T,N,8672,8672 T -> N
hCoV-19/France/BRE-IPP03809/2021|EPI_ISL_1118893|2021-02-10,C,N,8673,8673 C -> N
hCoV-19/France/BRE-IPP03809/2021|EPI_ISL_1118893|2021-02-10,A,N,8674,8674 A -> N
hCoV-19/France/BRE-IPP03809/2021|EPI_ISL_1118893|2021-02-10,A,N,8675,8675 A -> N
hCoV-19/France/BRE-IPP03809/2021|EPI_ISL_1118893|2021-02-10,G,N,8676,8676 G -> N
hCoV-19/France/BRE-IPP03809/2021|EPI_ISL_1118893|2021-02-10,T,N,8677,8677 T -> N
hCoV-19/France/BRE-IPP03809/2021|EPI_ISL_1118893|2021-02-10,G,N,8678,8678 G -> N
hCoV-19/France/BRE-IPP03809/2021|EPI_ISL_1118893|2021-02-10,A,N,8679,8679 A -> N
hCoV-19/France/BRE-IPP03809/2021|EPI_ISL_1118893|2021-02-10,A,N,8680,8680 A -> N
hCoV-19/France/BRE-IPP03809/2021|EPI_ISL_1118893|2021-02-10,A,N,8681,8681 A -> N
hCoV-19/France/BRE-IPP03809/2021|EPI_ISL_1118893|2021-02-10,T,N,8682,8682 T -> N
hCoV-19/France/BRE-IPP03809/2021|EPI_ISL_1118893|2021-02-10,C,N,8683,8683 C -> N
hCoV-19/France/BRE-IPP03809/2021|EPI_ISL_1118893|2021-02-10,A,N,8684,8684 A -> N
hCoV-19/France/BRE-IPP03809/2021|EPI_ISL_1118893|2021-02-10,T,N,8685,8685 T -> N
hCoV-19/France/BRE-IPP03809/2021|EPI_ISL_1118893|2021-02-10,A,N,8686,8686 A -> N
hCoV-19/France/BRE-IPP03809/2021|EPI_ISL_1118893|2021-02-10,G,N,8687,8687 G -> N
hCoV-19/France/BRE-IPP03809/2021|EPI_ISL_1118893|2021-02-10,G,N,8688,8688 G -> N
hCoV-19/France/BRE-IPP03809/2021|EPI_ISL_1118893|2021-02-10,A,N,8689,8689 A -> N
hCoV-19/France/BRE-IPP03809/2021|EPI_ISL_1118893|2021-02-10,T,N,8690,8690 T -> N
hCoV-19/France/BRE-IPP03809/2021|EPI_ISL_1118893|2021-02-10,A,N,8691,8691 A -> N
hCoV-19/France/BRE-IPP03809/2021|EPI_ISL_1118893|2021-02-10,C,N,8692,8692 C -> N
hCoV-19/France/BRE-IPP03809/2021|EPI_ISL_1118893|2021-02-10,A,N,8693,8693 A -> N
hCoV-19/France/BRE-IPP03809/2021|EPI_ISL_1118893|2021-02-10,A,N,8694,8694 A -> N
hCoV-19/France/BRE-IPP03809/2021|EPI_ISL_1118893|2021-02-10,G,N,8695,8695 G -> N
hCoV-19/France/BRE-IPP03809/2021|EPI_ISL_1118893|2021-02-10,G,N,8696,8696 G -> N
hCoV-19/France/BRE-IPP03809/2021|EPI_ISL_1118893|2021-02-10,C,N,8697,8697 C -> N
hCoV-19/France/BRE-IPP03809/2021|EPI_ISL_1118893|2021-02-10,T,N,8698,8698 T -> N
hCoV-19/France/BRE-IPP03809/2021|EPI_ISL_1118893|2021-02-10,A,N,8699,8699 A -> N
hCoV-19/France/BRE-IPP03809/2021|EPI_ISL_1118893|2021-02-10,T,N,8700,8700 T -> N
hCoV-19/France/BRE-IPP03809/2021|EPI_ISL_1118893|2021-02-10,T,N,8701,8701 T -> N
hCoV-19/France/BRE-IPP03809/2021|EPI_ISL_1118893|2021-02-10,G,N,8702,8702 G -> N
hCoV-19/France/BRE-IPP03809/2021|EPI_ISL_1118893|2021-02-10,A,N,8703,8703 A -> N
hCoV-19/France/BRE-IPP03809/2021|EPI_ISL_1118893|2021-02-10,T,N,8704,8704 T -> N
hCoV-19/France/BRE-IPP03809/2021|EPI_ISL_1118893|2021-02-10,G,N,8705,8705 G -> N
hCoV-19/France/BRE-IPP03809/2021|EPI_ISL_1118893|2021-02-10,G,N,8706,8706 G -> N
hCoV-19/France/BRE-IPP03809/2021|EPI_ISL_1118893|2021-02-10,T,N,8707,8707 T -> N
hCoV-19/France/BRE-IPP03809/2021|EPI_ISL_1118893|2021-02-10,G,N,8708,8708 G -> N
hCoV-19/France/BRE-IPP03809/2021|EPI_ISL_1118893|2021-02-10,G,N,8709,8709 G -> N
hCoV-19/France/BRE-IPP03809/2021|EPI_ISL_1118893|2021-02-10,T,N,8710,8710 T -> N
hCoV-19/France/BRE-IPP03809/2021|EPI_ISL_1118893|2021-02-10,G,N,8711,8711 G -> N
hCoV-19/France/BRE-IPP03809/2021|EPI_ISL_1118893|2021-02-10,T,N,8712,8712 T -> N
hCoV-19/France/BRE-IPP03809/2021|EPI_ISL_1118893|2021-02-10,C,N,8713,8713 C -> N
hCoV-19/France/BRE-IPP03809/2021|EPI_ISL_1118893|2021-02-10,A,N,8714,8714 A -> N
hCoV-19/France/BRE-IPP03809/2021|EPI_ISL_1118893|2021-02-10,C,N,8715,8715 C -> N
hCoV-19/France/BRE-IPP03809/2021|EPI_ISL_1118893|2021-02-10,T,N,8716,8716 T -> N
hCoV-19/France/BRE-IPP03809/2021|EPI_ISL_1118893|2021-02-10,C,N,8717,8717 C -> N
hCoV-19/France/BRE-IPP03809/2021|EPI_ISL_1118893|2021-02-10,G,N,8718,8718 G -> N
hCoV-19/France/BRE-IPP03809/2021|EPI_ISL_1118893|2021-02-10,T,N,8719,8719 T -> N
hCoV-19/France/BRE-IPP03809/2021|EPI_ISL_1118893|2021-02-10,G,N,8720,8720 G -> N
hCoV-19/France/BRE-IPP03809/2021|EPI_ISL_1118893|2021-02-10,A,N,8721,8721 A -> N
hCoV-19/France/BRE-IPP03809/2021|EPI_ISL_1118893|2021-02-10,C,N,8722,8722 C -> N
hCoV-19/France/BRE-IPP03809/2021|EPI_ISL_1118893|2021-02-10,A,N,8723,8723 A -> N
hCoV-19/France/BRE-IPP03809/2021|EPI_ISL_1118893|2021-02-10,T,N,8724,8724 T -> N
hCoV-19/France/BRE-IPP03809/2021|EPI_ISL_1118893|2021-02-10,A,N,8725,8725 A -> N
hCoV-19/France/BRE-IPP03809/2021|EPI_ISL_1118893|2021-02-10,G,N,8726,8726 G -> N
hCoV-19/France/BRE-IPP03809/2021|EPI_ISL_1118893|2021-02-10,C,N,8727,8727 C -> N
hCoV-19/France/BRE-IPP03809/2021|EPI_ISL_1118893|2021-02-10,A,N,8728,8728 A -> N
hCoV-19/France/BRE-IPP03809/2021|EPI_ISL_1118893|2021-02-10,T,N,8729,8729 T -> N
hCoV-19/France/BRE-IPP03809/2021|EPI_ISL_1118893|2021-02-10,C,N,8730,8730 C -> N
hCoV-19/France/BRE-IPP03809/2021|EPI_ISL_1118893|2021-02-10,T,N,8731,8731 T -> N
hCoV-19/France/BRE-IPP03809/2021|EPI_ISL_1118893|2021-02-10,A,N,8732,8732 A -> N
hCoV-19/France/BRE-IPP03809/2021|EPI_ISL_1118893|2021-02-10,C,N,8733,8733 C -> N
hCoV-19/France/BRE-IPP03809/2021|EPI_ISL_1118893|2021-02-10,A,N,8734,8734 A -> N
hCoV-19/France/BRE-IPP03809/2021|EPI_ISL_1118893|2021-02-10,G,N,8735,8735 G -> N
hCoV-19/France/BRE-IPP03809/2021|EPI_ISL_1118893|2021-02-10,A,N,8736,8736 A -> N
hCoV-19/France/BRE-IPP03809/2021|EPI_ISL_1118893|2021-02-10,T,N,8737,8737 T -> N
hCoV-19/France/BRE-IPP03809/2021|EPI_ISL_1118893|2021-02-10,T,C,9743,9743 T -> C
hCoV-19/France/BRE-IPP03809/2021|EPI_ISL_1118893|2021-02-10,C,T,10252,10252 C -> T
hCoV-19/France/BRE-IPP03809/2021|EPI_ISL_1118893|2021-02-10,G,T,11083,11083 G -> T
hCoV-19/France/BRE-IPP03809/2021|EPI_ISL_1118893|2021-02-10,C,T,14408,14408 C -> T
hCoV-19/France/BRE-IPP03809/2021|EPI_ISL_1118893|2021-02-10,A,G,15905,15905 A -> G
hCoV-19/France/BRE-IPP03809/2021|EPI_ISL_1118893|2021-02-10,C,T,18508,18508 C -> T
hCoV-19/France/BRE-IPP03809/2021|EPI_ISL_1118893|2021-02-10,C,T,21077,21077 C -> T
hCoV-19/France/BRE-IPP03809/2021|EPI_ISL_1118893|2021-02-10,A,G,21488,21488 A -> G
hCoV-19/France/BRE-IPP03809/2021|EPI_ISL_1118893|2021-02-10,C,T,21691,21691 C -> T
hCoV-19/France/BRE-IPP03809/2021|EPI_ISL_1118893|2021-02-10,C,G,21758,21758 C -> G
hCoV-19/France/BRE-IPP03809/2021|EPI_ISL_1118893|2021-02-10,G,T,21987,21987 G -> T
hCoV-19/France/BRE-IPP03809/2021|EPI_ISL_1118893|2021-02-10,T,N,22032,22032 T -> N
hCoV-19/France/BRE-IPP03809/2021|EPI_ISL_1118893|2021-02-10,C,N,22033,22033 C -> N
hCoV-19/France/BRE-IPP03809/2021|EPI_ISL_1118893|2021-02-10,A,N,22034,22034 A -> N
hCoV-19/France/BRE-IPP03809/2021|EPI_ISL_1118893|2021-02-10,G,N,22035,22035 G -> N
hCoV-19/France/BRE-IPP03809/2021|EPI_ISL_1118893|2021-02-10,A,N,22036,22036 A -> N
hCoV-19/France/BRE-IPP03809/2021|EPI_ISL_1118893|2021-02-10,G,N,22037,22037 G -> N
hCoV-19/France/BRE-IPP03809/2021|EPI_ISL_1118893|2021-02-10,T,N,22038,22038 T -> N
hCoV-19/France/BRE-IPP03809/2021|EPI_ISL_1118893|2021-02-10,T,N,22039,22039 T -> N
hCoV-19/France/BRE-IPP03809/2021|EPI_ISL_1118893|2021-02-10,T,N,22040,22040 T -> N
hCoV-19/France/BRE-IPP03809/2021|EPI_ISL_1118893|2021-02-10,A,N,22041,22041 A -> N
hCoV-19/France/BRE-IPP03809/2021|EPI_ISL_1118893|2021-02-10,T,N,22042,22042 T -> N
hCoV-19/France/BRE-IPP03809/2021|EPI_ISL_1118893|2021-02-10,T,N,22043,22043 T -> N
hCoV-19/France/BRE-IPP03809/2021|EPI_ISL_1118893|2021-02-10,C,N,22044,22044 C -> N
hCoV-19/France/BRE-IPP03809/2021|EPI_ISL_1118893|2021-02-10,T,N,22045,22045 T -> N
hCoV-19/France/BRE-IPP03809/2021|EPI_ISL_1118893|2021-02-10,A,N,22046,22046 A -> N
hCoV-19/France/BRE-IPP03809/2021|EPI_ISL_1118893|2021-02-10,G,N,22047,22047 G -> N
hCoV-19/France/BRE-IPP03809/2021|EPI_ISL_1118893|2021-02-10,T,N,22048,22048 T -> N
hCoV-19/France/BRE-IPP03809/2021|EPI_ISL_1118893|2021-02-10,G,N,22049,22049 G -> N
hCoV-19/France/BRE-IPP03809/2021|EPI_ISL_1118893|2021-02-10,C,N,22050,22050 C -> N
hCoV-19/France/BRE-IPP03809/2021|EPI_ISL_1118893|2021-02-10,G,N,22051,22051 G -> N
hCoV-19/France/BRE-IPP03809/2021|EPI_ISL_1118893|2021-02-10,A,N,22052,22052 A -> N
hCoV-19/France/BRE-IPP03809/2021|EPI_ISL_1118893|2021-02-10,A,N,22053,22053 A -> N
hCoV-19/France/BRE-IPP03809/2021|EPI_ISL_1118893|2021-02-10,T,N,22054,22054 T -> N
hCoV-19/France/BRE-IPP03809/2021|EPI_ISL_1118893|2021-02-10,A,N,22055,22055 A -> N
hCoV-19/France/BRE-IPP03809/2021|EPI_ISL_1118893|2021-02-10,A,N,22056,22056 A -> N
hCoV-19/France/BRE-IPP03809/2021|EPI_ISL_1118893|2021-02-10,T,N,22057,22057 T -> N
hCoV-19/France/BRE-IPP03809/2021|EPI_ISL_1118893|2021-02-10,T,N,22058,22058 T -> N
hCoV-19/France/BRE-IPP03809/2021|EPI_ISL_1118893|2021-02-10,G,N,22059,22059 G -> N
hCoV-19/France/BRE-IPP03809/2021|EPI_ISL_1118893|2021-02-10,C,N,22060,22060 C -> N
hCoV-19/France/BRE-IPP03809/2021|EPI_ISL_1118893|2021-02-10,A,N,22061,22061 A -> N
hCoV-19/France/BRE-IPP03809/2021|EPI_ISL_1118893|2021-02-10,C,N,22062,22062 C -> N
hCoV-19/France/BRE-IPP03809/2021|EPI_ISL_1118893|2021-02-10,T,N,22063,22063 T -> N
hCoV-19/France/BRE-IPP03809/2021|EPI_ISL_1118893|2021-02-10,T,N,22064,22064 T -> N
hCoV-19/France/BRE-IPP03809/2021|EPI_ISL_1118893|2021-02-10,T,N,22065,22065 T -> N
hCoV-19/France/BRE-IPP03809/2021|EPI_ISL_1118893|2021-02-10,T,N,22066,22066 T -> N
hCoV-19/France/BRE-IPP03809/2021|EPI_ISL_1118893|2021-02-10,G,N,22067,22067 G -> N
hCoV-19/France/BRE-IPP03809/2021|EPI_ISL_1118893|2021-02-10,A,N,22068,22068 A -> N
hCoV-19/France/BRE-IPP03809/2021|EPI_ISL_1118893|2021-02-10,A,N,22069,22069 A -> N
hCoV-19/France/BRE-IPP03809/2021|EPI_ISL_1118893|2021-02-10,T,N,22070,22070 T -> N
hCoV-19/France/BRE-IPP03809/2021|EPI_ISL_1118893|2021-02-10,A,N,22071,22071 A -> N
hCoV-19/France/BRE-IPP03809/2021|EPI_ISL_1118893|2021-02-10,T,N,22072,22072 T -> N
hCoV-19/France/BRE-IPP03809/2021|EPI_ISL_1118893|2021-02-10,G,N,22073,22073 G -> N
hCoV-19/France/BRE-IPP03809/2021|EPI_ISL_1118893|2021-02-10,T,N,22074,22074 T -> N
hCoV-19/France/BRE-IPP03809/2021|EPI_ISL_1118893|2021-02-10,C,N,22075,22075 C -> N
hCoV-19/France/BRE-IPP03809/2021|EPI_ISL_1118893|2021-02-10,T,N,22076,22076 T -> N
hCoV-19/France/BRE-IPP03809/2021|EPI_ISL_1118893|2021-02-10,C,N,22077,22077 C -> N
hCoV-19/France/BRE-IPP03809/2021|EPI_ISL_1118893|2021-02-10,T,N,22078,22078 T -> N
hCoV-19/France/BRE-IPP03809/2021|EPI_ISL_1118893|2021-02-10,C,N,22079,22079 C -> N
hCoV-19/France/BRE-IPP03809/2021|EPI_ISL_1118893|2021-02-10,A,N,22080,22080 A -> N
hCoV-19/France/BRE-IPP03809/2021|EPI_ISL_1118893|2021-02-10,G,N,22081,22081 G -> N
hCoV-19/France/BRE-IPP03809/2021|EPI_ISL_1118893|2021-02-10,C,N,22082,22082 C -> N
hCoV-19/France/BRE-IPP03809/2021|EPI_ISL_1118893|2021-02-10,C,N,22083,22083 C -> N
hCoV-19/France/BRE-IPP03809/2021|EPI_ISL_1118893|2021-02-10,T,N,22084,22084 T -> N
hCoV-19/France/BRE-IPP03809/2021|EPI_ISL_1118893|2021-02-10,T,N,22085,22085 T -> N
hCoV-19/France/BRE-IPP03809/2021|EPI_ISL_1118893|2021-02-10,T,N,22086,22086 T -> N
hCoV-19/France/BRE-IPP03809/2021|EPI_ISL_1118893|2021-02-10,T,N,22087,22087 T -> N
hCoV-19/France/BRE-IPP03809/2021|EPI_ISL_1118893|2021-02-10,C,N,22088,22088 C -> N
hCoV-19/France/BRE-IPP03809/2021|EPI_ISL_1118893|2021-02-10,T,N,22089,22089 T -> N
hCoV-19/France/BRE-IPP03809/2021|EPI_ISL_1118893|2021-02-10,T,N,22090,22090 T -> N
hCoV-19/France/BRE-IPP03809/2021|EPI_ISL_1118893|2021-02-10,A,N,22091,22091 A -> N
hCoV-19/France/BRE-IPP03809/2021|EPI_ISL_1118893|2021-02-10,T,N,22092,22092 T -> N
hCoV-19/France/BRE-IPP03809/2021|EPI_ISL_1118893|2021-02-10,G,N,22093,22093 G -> N
hCoV-19/France/BRE-IPP03809/2021|EPI_ISL_1118893|2021-02-10,G,N,22094,22094 G -> N
hCoV-19/France/BRE-IPP03809/2021|EPI_ISL_1118893|2021-02-10,A,N,22095,22095 A -> N
hCoV-19/France/BRE-IPP03809/2021|EPI_ISL_1118893|2021-02-10,C,N,22096,22096 C -> N
hCoV-19/France/BRE-IPP03809/2021|EPI_ISL_1118893|2021-02-10,C,N,22097,22097 C -> N
hCoV-19/France/BRE-IPP03809/2021|EPI_ISL_1118893|2021-02-10,T,N,22098,22098 T -> N
hCoV-19/France/BRE-IPP03809/2021|EPI_ISL_1118893|2021-02-10,T,N,22099,22099 T -> N
hCoV-19/France/BRE-IPP03809/2021|EPI_ISL_1118893|2021-02-10,G,N,22100,22100 G -> N
hCoV-19/France/BRE-IPP03809/2021|EPI_ISL_1118893|2021-02-10,A,N,22101,22101 A -> N
hCoV-19/France/BRE-IPP03809/2021|EPI_ISL_1118893|2021-02-10,A,N,22102,22102 A -> N
hCoV-19/France/BRE-IPP03809/2021|EPI_ISL_1118893|2021-02-10,G,N,22103,22103 G -> N
hCoV-19/France/BRE-IPP03809/2021|EPI_ISL_1118893|2021-02-10,G,N,22104,22104 G -> N
hCoV-19/France/BRE-IPP03809/2021|EPI_ISL_1118893|2021-02-10,A,N,22105,22105 A -> N
hCoV-19/France/BRE-IPP03809/2021|EPI_ISL_1118893|2021-02-10,A,N,22106,22106 A -> N
hCoV-19/France/BRE-IPP03809/2021|EPI_ISL_1118893|2021-02-10,A,N,22107,22107 A -> N
hCoV-19/France/BRE-IPP03809/2021|EPI_ISL_1118893|2021-02-10,A,N,22108,22108 A -> N
hCoV-19/France/BRE-IPP03809/2021|EPI_ISL_1118893|2021-02-10,C,N,22109,22109 C -> N
hCoV-19/France/BRE-IPP03809/2021|EPI_ISL_1118893|2021-02-10,A,N,22110,22110 A -> N
hCoV-19/France/BRE-IPP03809/2021|EPI_ISL_1118893|2021-02-10,G,N,22111,22111 G -> N
hCoV-19/France/BRE-IPP03809/2021|EPI_ISL_1118893|2021-02-10,G,N,22112,22112 G -> N
hCoV-19/France/BRE-IPP03809/2021|EPI_ISL_1118893|2021-02-10,G,N,22113,22113 G -> N
hCoV-19/France/BRE-IPP03809/2021|EPI_ISL_1118893|2021-02-10,T,N,22114,22114 T -> N
hCoV-19/France/BRE-IPP03809/2021|EPI_ISL_1118893|2021-02-10,A,N,22115,22115 A -> N
hCoV-19/France/BRE-IPP03809/2021|EPI_ISL_1118893|2021-02-10,A,N,22116,22116 A -> N
hCoV-19/France/BRE-IPP03809/2021|EPI_ISL_1118893|2021-02-10,T,N,22117,22117 T -> N
hCoV-19/France/BRE-IPP03809/2021|EPI_ISL_1118893|2021-02-10,T,N,22118,22118 T -> N
hCoV-19/France/BRE-IPP03809/2021|EPI_ISL_1118893|2021-02-10,T,N,22119,22119 T -> N
hCoV-19/France/BRE-IPP03809/2021|EPI_ISL_1118893|2021-02-10,C,N,22120,22120 C -> N
hCoV-19/France/BRE-IPP03809/2021|EPI_ISL_1118893|2021-02-10,A,N,22121,22121 A -> N
hCoV-19/France/BRE-IPP03809/2021|EPI_ISL_1118893|2021-02-10,A,N,22122,22122 A -> N
hCoV-19/France/BRE-IPP03809/2021|EPI_ISL_1118893|2021-02-10,A,N,22123,22123 A -> N
hCoV-19/France/BRE-IPP03809/2021|EPI_ISL_1118893|2021-02-10,A,N,22124,22124 A -> N
hCoV-19/France/BRE-IPP03809/2021|EPI_ISL_1118893|2021-02-10,A,N,22125,22125 A -> N
hCoV-19/France/BRE-IPP03809/2021|EPI_ISL_1118893|2021-02-10,T,N,22126,22126 T -> N
hCoV-19/France/BRE-IPP03809/2021|EPI_ISL_1118893|2021-02-10,C,N,22127,22127 C -> N
hCoV-19/France/BRE-IPP03809/2021|EPI_ISL_1118893|2021-02-10,T,N,22128,22128 T -> N
hCoV-19/France/BRE-IPP03809/2021|EPI_ISL_1118893|2021-02-10,T,N,22129,22129 T -> N
hCoV-19/France/BRE-IPP03809/2021|EPI_ISL_1118893|2021-02-10,A,N,22130,22130 A -> N
hCoV-19/France/BRE-IPP03809/2021|EPI_ISL_1118893|2021-02-10,G,N,22131,22131 G -> N
hCoV-19/France/BRE-IPP03809/2021|EPI_ISL_1118893|2021-02-10,G,N,22132,22132 G -> N
hCoV-19/France/BRE-IPP03809/2021|EPI_ISL_1118893|2021-02-10,G,N,22133,22133 G -> N
hCoV-19/France/BRE-IPP03809/2021|EPI_ISL_1118893|2021-02-10,A,N,22134,22134 A -> N
hCoV-19/France/BRE-IPP03809/2021|EPI_ISL_1118893|2021-02-10,A,N,22135,22135 A -> N
hCoV-19/France/BRE-IPP03809/2021|EPI_ISL_1118893|2021-02-10,T,N,22136,22136 T -> N
hCoV-19/France/BRE-IPP03809/2021|EPI_ISL_1118893|2021-02-10,T,N,22137,22137 T -> N
hCoV-19/France/BRE-IPP03809/2021|EPI_ISL_1118893|2021-02-10,T,N,22138,22138 T -> N
hCoV-19/France/BRE-IPP03809/2021|EPI_ISL_1118893|2021-02-10,G,N,22139,22139 G -> N
hCoV-19/France/BRE-IPP03809/2021|EPI_ISL_1118893|2021-02-10,T,N,22140,22140 T -> N
hCoV-19/France/BRE-IPP03809/2021|EPI_ISL_1118893|2021-02-10,G,N,22141,22141 G -> N
hCoV-19/France/BRE-IPP03809/2021|EPI_ISL_1118893|2021-02-10,T,N,22142,22142 T -> N
hCoV-19/France/BRE-IPP03809/2021|EPI_ISL_1118893|2021-02-10,T,N,22143,22143 T -> N
hCoV-19/France/BRE-IPP03809/2021|EPI_ISL_1118893|2021-02-10,T,N,22144,22144 T -> N
hCoV-19/France/BRE-IPP03809/2021|EPI_ISL_1118893|2021-02-10,A,N,22145,22145 A -> N
hCoV-19/France/BRE-IPP03809/2021|EPI_ISL_1118893|2021-02-10,A,N,22146,22146 A -> N
hCoV-19/France/BRE-IPP03809/2021|EPI_ISL_1118893|2021-02-10,G,N,22147,22147 G -> N
hCoV-19/France/BRE-IPP03809/2021|EPI_ISL_1118893|2021-02-10,A,N,22148,22148 A -> N
hCoV-19/France/BRE-IPP03809/2021|EPI_ISL_1118893|2021-02-10,A,N,22149,22149 A -> N
hCoV-19/France/BRE-IPP03809/2021|EPI_ISL_1118893|2021-02-10,T,N,22150,22150 T -> N
hCoV-19/France/BRE-IPP03809/2021|EPI_ISL_1118893|2021-02-10,A,N,22151,22151 A -> N
hCoV-19/France/BRE-IPP03809/2021|EPI_ISL_1118893|2021-02-10,T,N,22152,22152 T -> N
hCoV-19/France/BRE-IPP03809/2021|EPI_ISL_1118893|2021-02-10,T,N,22153,22153 T -> N
hCoV-19/France/BRE-IPP03809/2021|EPI_ISL_1118893|2021-02-10,G,N,22154,22154 G -> N
hCoV-19/France/BRE-IPP03809/2021|EPI_ISL_1118893|2021-02-10,A,N,22155,22155 A -> N
hCoV-19/France/BRE-IPP03809/2021|EPI_ISL_1118893|2021-02-10,T,N,22156,22156 T -> N
hCoV-19/France/BRE-IPP03809/2021|EPI_ISL_1118893|2021-02-10,G,N,22157,22157 G -> N
hCoV-19/France/BRE-IPP03809/2021|EPI_ISL_1118893|2021-02-10,G,N,22158,22158 G -> N
hCoV-19/France/BRE-IPP03809/2021|EPI_ISL_1118893|2021-02-10,T,N,22159,22159 T -> N
hCoV-19/France/BRE-IPP03809/2021|EPI_ISL_1118893|2021-02-10,T,N,22160,22160 T -> N
hCoV-19/France/BRE-IPP03809/2021|EPI_ISL_1118893|2021-02-10,A,N,22161,22161 A -> N
hCoV-19/France/BRE-IPP03809/2021|EPI_ISL_1118893|2021-02-10,T,N,22162,22162 T -> N
hCoV-19/France/BRE-IPP03809/2021|EPI_ISL_1118893|2021-02-10,T,N,22163,22163 T -> N
hCoV-19/France/BRE-IPP03809/2021|EPI_ISL_1118893|2021-02-10,T,N,22164,22164 T -> N
hCoV-19/France/BRE-IPP03809/2021|EPI_ISL_1118893|2021-02-10,T,N,22165,22165 T -> N
hCoV-19/France/BRE-IPP03809/2021|EPI_ISL_1118893|2021-02-10,A,N,22166,22166 A -> N
hCoV-19/France/BRE-IPP03809/2021|EPI_ISL_1118893|2021-02-10,A,N,22167,22167 A -> N
hCoV-19/France/BRE-IPP03809/2021|EPI_ISL_1118893|2021-02-10,A,N,22168,22168 A -> N
hCoV-19/France/BRE-IPP03809/2021|EPI_ISL_1118893|2021-02-10,A,N,22169,22169 A -> N
hCoV-19/France/BRE-IPP03809/2021|EPI_ISL_1118893|2021-02-10,T,N,22170,22170 T -> N
hCoV-19/France/BRE-IPP03809/2021|EPI_ISL_1118893|2021-02-10,A,N,22171,22171 A -> N
hCoV-19/France/BRE-IPP03809/2021|EPI_ISL_1118893|2021-02-10,T,N,22172,22172 T -> N
hCoV-19/France/BRE-IPP03809/2021|EPI_ISL_1118893|2021-02-10,A,N,22173,22173 A -> N
hCoV-19/France/BRE-IPP03809/2021|EPI_ISL_1118893|2021-02-10,T,N,22174,22174 T -> N
hCoV-19/France/BRE-IPP03809/2021|EPI_ISL_1118893|2021-02-10,T,N,22175,22175 T -> N
hCoV-19/France/BRE-IPP03809/2021|EPI_ISL_1118893|2021-02-10,C,N,22176,22176 C -> N
hCoV-19/France/BRE-IPP03809/2021|EPI_ISL_1118893|2021-02-10,T,N,22177,22177 T -> N
hCoV-19/France/BRE-IPP03809/2021|EPI_ISL_1118893|2021-02-10,A,N,22178,22178 A -> N
hCoV-19/France/BRE-IPP03809/2021|EPI_ISL_1118893|2021-02-10,A,N,22179,22179 A -> N
hCoV-19/France/BRE-IPP03809/2021|EPI_ISL_1118893|2021-02-10,G,N,22180,22180 G -> N
hCoV-19/France/BRE-IPP03809/2021|EPI_ISL_1118893|2021-02-10,C,N,22181,22181 C -> N
hCoV-19/France/BRE-IPP03809/2021|EPI_ISL_1118893|2021-02-10,A,N,22182,22182 A -> N
hCoV-19/France/BRE-IPP03809/2021|EPI_ISL_1118893|2021-02-10,C,N,22183,22183 C -> N
hCoV-19/France/BRE-IPP03809/2021|EPI_ISL_1118893|2021-02-10,A,N,22184,22184 A -> N
hCoV-19/France/BRE-IPP03809/2021|EPI_ISL_1118893|2021-02-10,C,N,22185,22185 C -> N
hCoV-19/France/BRE-IPP03809/2021|EPI_ISL_1118893|2021-02-10,G,N,22186,22186 G -> N
hCoV-19/France/BRE-IPP03809/2021|EPI_ISL_1118893|2021-02-10,C,N,22187,22187 C -> N
hCoV-19/France/BRE-IPP03809/2021|EPI_ISL_1118893|2021-02-10,C,N,22188,22188 C -> N
hCoV-19/France/BRE-IPP03809/2021|EPI_ISL_1118893|2021-02-10,T,N,22189,22189 T -> N
hCoV-19/France/BRE-IPP03809/2021|EPI_ISL_1118893|2021-02-10,A,N,22190,22190 A -> N
hCoV-19/France/BRE-IPP03809/2021|EPI_ISL_1118893|2021-02-10,T,N,22191,22191 T -> N
hCoV-19/France/BRE-IPP03809/2021|EPI_ISL_1118893|2021-02-10,T,N,22192,22192 T -> N
hCoV-19/France/BRE-IPP03809/2021|EPI_ISL_1118893|2021-02-10,A,N,22193,22193 A -> N
hCoV-19/France/BRE-IPP03809/2021|EPI_ISL_1118893|2021-02-10,A,N,22194,22194 A -> N
hCoV-19/France/BRE-IPP03809/2021|EPI_ISL_1118893|2021-02-10,T,N,22195,22195 T -> N
hCoV-19/France/BRE-IPP03809/2021|EPI_ISL_1118893|2021-02-10,T,N,22196,22196 T -> N
hCoV-19/France/BRE-IPP03809/2021|EPI_ISL_1118893|2021-02-10,T,N,22197,22197 T -> N
hCoV-19/France/BRE-IPP03809/2021|EPI_ISL_1118893|2021-02-10,A,N,22198,22198 A -> N
hCoV-19/France/BRE-IPP03809/2021|EPI_ISL_1118893|2021-02-10,G,N,22199,22199 G -> N
hCoV-19/France/BRE-IPP03809/2021|EPI_ISL_1118893|2021-02-10,T,N,22200,22200 T -> N
hCoV-19/France/BRE-IPP03809/2021|EPI_ISL_1118893|2021-02-10,G,N,22201,22201 G -> N
hCoV-19/France/BRE-IPP03809/2021|EPI_ISL_1118893|2021-02-10,C,N,22202,22202 C -> N
hCoV-19/France/BRE-IPP03809/2021|EPI_ISL_1118893|2021-02-10,G,N,22203,22203 G -> N
hCoV-19/France/BRE-IPP03809/2021|EPI_ISL_1118893|2021-02-10,T,N,22204,22204 T -> N
hCoV-19/France/BRE-IPP03809/2021|EPI_ISL_1118893|2021-02-10,G,N,22205,22205 G -> N
hCoV-19/France/BRE-IPP03809/2021|EPI_ISL_1118893|2021-02-10,A,N,22206,22206 A -> N
hCoV-19/France/BRE-IPP03809/2021|EPI_ISL_1118893|2021-02-10,T,N,22207,22207 T -> N
hCoV-19/France/BRE-IPP03809/2021|EPI_ISL_1118893|2021-02-10,C,N,22208,22208 C -> N
hCoV-19/France/BRE-IPP03809/2021|EPI_ISL_1118893|2021-02-10,T,N,22209,22209 T -> N
hCoV-19/France/BRE-IPP03809/2021|EPI_ISL_1118893|2021-02-10,C,N,22210,22210 C -> N
hCoV-19/France/BRE-IPP03809/2021|EPI_ISL_1118893|2021-02-10,C,N,22211,22211 C -> N
hCoV-19/France/BRE-IPP03809/2021|EPI_ISL_1118893|2021-02-10,C,N,22212,22212 C -> N
hCoV-19/France/BRE-IPP03809/2021|EPI_ISL_1118893|2021-02-10,T,N,22213,22213 T -> N
hCoV-19/France/BRE-IPP03809/2021|EPI_ISL_1118893|2021-02-10,C,N,22214,22214 C -> N
hCoV-19/France/BRE-IPP03809/2021|EPI_ISL_1118893|2021-02-10,A,N,22215,22215 A -> N
hCoV-19/France/BRE-IPP03809/2021|EPI_ISL_1118893|2021-02-10,G,N,22216,22216 G -> N
hCoV-19/France/BRE-IPP03809/2021|EPI_ISL_1118893|2021-02-10,G,N,22217,22217 G -> N
hCoV-19/France/BRE-IPP03809/2021|EPI_ISL_1118893|2021-02-10,G,N,22218,22218 G -> N
hCoV-19/France/BRE-IPP03809/2021|EPI_ISL_1118893|2021-02-10,T,N,22219,22219 T -> N
hCoV-19/France/BRE-IPP03809/2021|EPI_ISL_1118893|2021-02-10,T,N,22220,22220 T -> N
hCoV-19/France/BRE-IPP03809/2021|EPI_ISL_1118893|2021-02-10,T,N,22221,22221 T -> N
hCoV-19/France/BRE-IPP03809/2021|EPI_ISL_1118893|2021-02-10,T,N,22222,22222 T -> N
hCoV-19/France/BRE-IPP03809/2021|EPI_ISL_1118893|2021-02-10,T,N,22223,22223 T -> N
hCoV-19/France/BRE-IPP03809/2021|EPI_ISL_1118893|2021-02-10,C,N,22224,22224 C -> N
hCoV-19/France/BRE-IPP03809/2021|EPI_ISL_1118893|2021-02-10,G,N,22225,22225 G -> N
hCoV-19/France/BRE-IPP03809/2021|EPI_ISL_1118893|2021-02-10,G,N,22226,22226 G -> N
hCoV-19/France/BRE-IPP03809/2021|EPI_ISL_1118893|2021-02-10,C,N,22227,22227 C -> N
hCoV-19/France/BRE-IPP03809/2021|EPI_ISL_1118893|2021-02-10,T,N,22228,22228 T -> N
hCoV-19/France/BRE-IPP03809/2021|EPI_ISL_1118893|2021-02-10,T,N,22229,22229 T -> N
hCoV-19/France/BRE-IPP03809/2021|EPI_ISL_1118893|2021-02-10,T,N,22230,22230 T -> N
hCoV-19/France/BRE-IPP03809/2021|EPI_ISL_1118893|2021-02-10,A,N,22231,22231 A -> N
hCoV-19/France/BRE-IPP03809/2021|EPI_ISL_1118893|2021-02-10,G,N,22232,22232 G -> N
hCoV-19/France/BRE-IPP03809/2021|EPI_ISL_1118893|2021-02-10,A,N,22233,22233 A -> N
hCoV-19/France/BRE-IPP03809/2021|EPI_ISL_1118893|2021-02-10,A,N,22234,22234 A -> N
hCoV-19/France/BRE-IPP03809/2021|EPI_ISL_1118893|2021-02-10,C,N,22235,22235 C -> N
hCoV-19/France/BRE-IPP03809/2021|EPI_ISL_1118893|2021-02-10,C,N,22236,22236 C -> N
hCoV-19/France/BRE-IPP03809/2021|EPI_ISL_1118893|2021-02-10,A,N,22237,22237 A -> N
hCoV-19/France/BRE-IPP03809/2021|EPI_ISL_1118893|2021-02-10,T,N,22238,22238 T -> N
hCoV-19/France/BRE-IPP03809/2021|EPI_ISL_1118893|2021-02-10,T,N,22239,22239 T -> N
hCoV-19/France/BRE-IPP03809/2021|EPI_ISL_1118893|2021-02-10,G,N,22240,22240 G -> N
hCoV-19/France/BRE-IPP03809/2021|EPI_ISL_1118893|2021-02-10,G,N,22241,22241 G -> N
hCoV-19/France/BRE-IPP03809/2021|EPI_ISL_1118893|2021-02-10,T,N,22242,22242 T -> N
hCoV-19/France/BRE-IPP03809/2021|EPI_ISL_1118893|2021-02-10,A,N,22243,22243 A -> N
hCoV-19/France/BRE-IPP03809/2021|EPI_ISL_1118893|2021-02-10,G,N,22244,22244 G -> N
hCoV-19/France/BRE-IPP03809/2021|EPI_ISL_1118893|2021-02-10,A,N,22245,22245 A -> N
hCoV-19/France/BRE-IPP03809/2021|EPI_ISL_1118893|2021-02-10,T,N,22246,22246 T -> N
hCoV-19/France/BRE-IPP03809/2021|EPI_ISL_1118893|2021-02-10,T,N,22247,22247 T -> N
hCoV-19/France/BRE-IPP03809/2021|EPI_ISL_1118893|2021-02-10,T,N,22248,22248 T -> N
hCoV-19/France/BRE-IPP03809/2021|EPI_ISL_1118893|2021-02-10,G,N,22249,22249 G -> N
hCoV-19/France/BRE-IPP03809/2021|EPI_ISL_1118893|2021-02-10,C,N,22250,22250 C -> N
hCoV-19/France/BRE-IPP03809/2021|EPI_ISL_1118893|2021-02-10,C,N,22251,22251 C -> N
hCoV-19/France/BRE-IPP03809/2021|EPI_ISL_1118893|2021-02-10,A,N,22252,22252 A -> N
hCoV-19/France/BRE-IPP03809/2021|EPI_ISL_1118893|2021-02-10,A,N,22253,22253 A -> N
hCoV-19/France/BRE-IPP03809/2021|EPI_ISL_1118893|2021-02-10,T,N,22254,22254 T -> N
hCoV-19/France/BRE-IPP03809/2021|EPI_ISL_1118893|2021-02-10,A,N,22255,22255 A -> N
hCoV-19/France/BRE-IPP03809/2021|EPI_ISL_1118893|2021-02-10,G,N,22256,22256 G -> N
hCoV-19/France/BRE-IPP03809/2021|EPI_ISL_1118893|2021-02-10,G,N,22257,22257 G -> N
hCoV-19/France/BRE-IPP03809/2021|EPI_ISL_1118893|2021-02-10,T,N,22258,22258 T -> N
hCoV-19/France/BRE-IPP03809/2021|EPI_ISL_1118893|2021-02-10,A,N,22259,22259 A -> N
hCoV-19/France/BRE-IPP03809/2021|EPI_ISL_1118893|2021-02-10,T,N,22260,22260 T -> N
hCoV-19/France/BRE-IPP03809/2021|EPI_ISL_1118893|2021-02-10,T,N,22261,22261 T -> N
hCoV-19/France/BRE-IPP03809/2021|EPI_ISL_1118893|2021-02-10,A,N,22262,22262 A -> N
hCoV-19/France/BRE-IPP03809/2021|EPI_ISL_1118893|2021-02-10,A,N,22263,22263 A -> N
hCoV-19/France/BRE-IPP03809/2021|EPI_ISL_1118893|2021-02-10,C,N,22264,22264 C -> N
hCoV-19/France/BRE-IPP03809/2021|EPI_ISL_1118893|2021-02-10,A,N,22265,22265 A -> N
hCoV-19/France/BRE-IPP03809/2021|EPI_ISL_1118893|2021-02-10,T,N,22266,22266 T -> N
hCoV-19/France/BRE-IPP03809/2021|EPI_ISL_1118893|2021-02-10,C,N,22267,22267 C -> N
hCoV-19/France/BRE-IPP03809/2021|EPI_ISL_1118893|2021-02-10,A,N,22268,22268 A -> N
hCoV-19/France/BRE-IPP03809/2021|EPI_ISL_1118893|2021-02-10,C,N,22269,22269 C -> N
hCoV-19/France/BRE-IPP03809/2021|EPI_ISL_1118893|2021-02-10,T,N,22270,22270 T -> N
hCoV-19/France/BRE-IPP03809/2021|EPI_ISL_1118893|2021-02-10,A,N,22271,22271 A -> N
hCoV-19/France/BRE-IPP03809/2021|EPI_ISL_1118893|2021-02-10,G,N,22272,22272 G -> N
hCoV-19/France/BRE-IPP03809/2021|EPI_ISL_1118893|2021-02-10,G,N,22273,22273 G -> N
hCoV-19/France/BRE-IPP03809/2021|EPI_ISL_1118893|2021-02-10,T,N,22274,22274 T -> N
hCoV-19/France/BRE-IPP03809/2021|EPI_ISL_1118893|2021-02-10,T,N,22275,22275 T -> N
hCoV-19/France/BRE-IPP03809/2021|EPI_ISL_1118893|2021-02-10,T,N,22276,22276 T -> N
hCoV-19/France/BRE-IPP03809/2021|EPI_ISL_1118893|2021-02-10,C,N,22277,22277 C -> N
hCoV-19/France/BRE-IPP03809/2021|EPI_ISL_1118893|2021-02-10,A,N,22278,22278 A -> N
hCoV-19/France/BRE-IPP03809/2021|EPI_ISL_1118893|2021-02-10,A,N,22279,22279 A -> N
hCoV-19/France/BRE-IPP03809/2021|EPI_ISL_1118893|2021-02-10,A,N,22280,22280 A -> N
hCoV-19/France/BRE-IPP03809/2021|EPI_ISL_1118893|2021-02-10,C,N,22281,22281 C -> N
hCoV-19/France/BRE-IPP03809/2021|EPI_ISL_1118893|2021-02-10,T,N,22282,22282 T -> N
hCoV-19/France/BRE-IPP03809/2021|EPI_ISL_1118893|2021-02-10,T,N,22283,22283 T -> N
hCoV-19/France/BRE-IPP03809/2021|EPI_ISL_1118893|2021-02-10,T,N,22284,22284 T -> N
hCoV-19/France/BRE-IPP03809/2021|EPI_ISL_1118893|2021-02-10,A,N,22285,22285 A -> N
hCoV-19/France/BRE-IPP03809/2021|EPI_ISL_1118893|2021-02-10,C,N,22286,22286 C -> N
hCoV-19/France/BRE-IPP03809/2021|EPI_ISL_1118893|2021-02-10,T,N,22287,22287 T -> N
hCoV-19/France/BRE-IPP03809/2021|EPI_ISL_1118893|2021-02-10,T,N,22288,22288 T -> N
hCoV-19/France/BRE-IPP03809/2021|EPI_ISL_1118893|2021-02-10,G,N,22289,22289 G -> N
hCoV-19/France/BRE-IPP03809/2021|EPI_ISL_1118893|2021-02-10,C,N,22290,22290 C -> N
hCoV-19/France/BRE-IPP03809/2021|EPI_ISL_1118893|2021-02-10,T,N,22291,22291 T -> N
hCoV-19/France/BRE-IPP03809/2021|EPI_ISL_1118893|2021-02-10,T,N,22292,22292 T -> N
hCoV-19/France/BRE-IPP03809/2021|EPI_ISL_1118893|2021-02-10,T,N,22293,22293 T -> N
hCoV-19/France/BRE-IPP03809/2021|EPI_ISL_1118893|2021-02-10,A,N,22294,22294 A -> N
hCoV-19/France/BRE-IPP03809/2021|EPI_ISL_1118893|2021-02-10,C,N,22295,22295 C -> N
hCoV-19/France/BRE-IPP03809/2021|EPI_ISL_1118893|2021-02-10,A,N,22296,22296 A -> N
hCoV-19/France/BRE-IPP03809/2021|EPI_ISL_1118893|2021-02-10,T,N,22297,22297 T -> N
hCoV-19/France/BRE-IPP03809/2021|EPI_ISL_1118893|2021-02-10,A,N,22298,22298 A -> N
hCoV-19/France/BRE-IPP03809/2021|EPI_ISL_1118893|2021-02-10,G,N,22299,22299 G -> N
hCoV-19/France/BRE-IPP03809/2021|EPI_ISL_1118893|2021-02-10,A,N,22300,22300 A -> N
hCoV-19/France/BRE-IPP03809/2021|EPI_ISL_1118893|2021-02-10,A,N,22301,22301 A -> N
hCoV-19/France/BRE-IPP03809/2021|EPI_ISL_1118893|2021-02-10,T,C,23010,23010 T -> C
hCoV-19/France/BRE-IPP03809/2021|EPI_ISL_1118893|2021-02-10,A,G,23403,23403 A -> G
hCoV-19/France/BRE-IPP03809/2021|EPI_ISL_1118893|2021-02-10,C,T,23525,23525 C -> T
hCoV-19/France/BRE-IPP03809/2021|EPI_ISL_1118893|2021-02-10,G,A,23567,23567 G -> A
hCoV-19/France/BRE-IPP03809/2021|EPI_ISL_1118893|2021-02-10,A,G,24408,24408 A -> G
hCoV-19/France/BRE-IPP03809/2021|EPI_ISL_1118893|2021-02-10,A,G,25121,25121 A -> G
hCoV-19/France/BRE-IPP03809/2021|EPI_ISL_1118893|2021-02-10,G,T,25563,25563 G -> T
hCoV-19/France/BRE-IPP03809/2021|EPI_ISL_1118893|2021-02-10,T,G,26304,26304 T -> G
hCoV-19/France/BRE-IPP03809/2021|EPI_ISL_1118893|2021-02-10,C,T,26333,26333 C -> T
hCoV-19/France/BRE-IPP03809/2021|EPI_ISL_1118893|2021-02-10,C,T,26895,26895 C -> T
hCoV-19/France/BRE-IPP03809/2021|EPI_ISL_1118893|2021-02-10,C,T,27128,27128 C -> T
hCoV-19/France/BRE-IPP03809/2021|EPI_ISL_1118893|2021-02-10,T,A,27757,27757 T -> A
hCoV-19/France/BRE-IPP03809/2021|EPI_ISL_1118893|2021-02-10,T,C,28297,28297 T -> C
hCoV-19/France/BRE-IPP03809/2021|EPI_ISL_1118893|2021-02-10,C,T,29095,29095 C -> T
hCoV-19/France/BRE-IPP03809/2021|EPI_ISL_1118893|2021-02-10,C,T,29247,29247 C -> T
hCoV-19/France/BRE-IPP03809/2021|EPI_ISL_1118893|2021-02-10,C,T,29580,29580 C -> T
